{
  "$schema": "http://json-schema.org/draft-07/schema#",
  "title": "ClubFinance",
  "type": "object",
  "required": [
    "club_id",
    "balance_ac",
    "reputation",
    "wage_budget_ac_per_week",
    "transfer_budget_ac",
    "debt"
  ],
  "properties": {
    "club_id": {
      "type": "string"
    },
    "balance_ac": {
      "type": "integer",
      "minimum": 0
    },
    "reputation": {
      "type": "integer",
      "minimum": 0,
      "maximum": 100
    },
    "wage_budget_ac_per_week": {
      "type": "integer",
      "minimum": 0
    },
    "transfer_budget_ac": {
      "type": "integer",
      "minimum": 0
    },
    "cashflow_monthly_forecast": {
      "type": "object",
      "properties": {
        "income": {
          "type": "integer"
        },
        "expense": {
          "type": "integer"
        }
      }
    },
    "debt": {
      "type": "object",
      "properties": {
        "principal_ac": {
          "type": "integer",
          "minimum": 0
        },
        "interest_rate": {
          "type": "number",
          "minimum": 0
        },
        "lender": {
          "type": "string"
        },
        "due_year": {
          "type": "integer"
        }
      }
    },
    "stadium": {
      "type": "object",
      "properties": {
        "name": {
          "type": "string"
        },
        "capacity": {
          "type": "integer",
          "minimum": 1000
        },
        "maintenance_ac_per_month": {
          "type": "integer",
          "minimum": 0
        },
        "ticket_base_price": {
          "type": "integer",
          "minimum": 1
        }
      }
    },
    "sponsor_active_ids": {
      "type": "array",
      "items": {
        "type": "string"
      }
    },
    "audit_flags": {
      "type": "array",
      "items": {
        "type": "string"
      }
    }
  }
}