{
  "$schema": "http://json-schema.org/draft-07/schema#",
  "title": "PlayerContract",
  "type": "object",
  "required": [
    "contract_id",
    "player_id",
    "club_id",
    "weekly_wage_ac",
    "years",
    "bonuses"
  ],
  "properties": {
    "contract_id": {
      "type": "string"
    },
    "player_id": {
      "type": "string"
    },
    "club_id": {
      "type": "string"
    },
    "weekly_wage_ac": {
      "type": "integer",
      "minimum": 0
    },
    "years": {
      "type": "integer",
      "minimum": 1,
      "maximum": 6
    },
    "buyout_clause_ac": {
      "type": [
        "integer",
        "null"
      ]
    },
    "bonuses": {
      "type": "object",
      "properties": {
        "appearance": {
          "type": "integer",
          "minimum": 0
        },
        "goal": {
          "type": "integer",
          "minimum": 0
        },
        "clean_sheet": {
          "type": "integer",
          "minimum": 0
        },
        "synergy_trigger": {
          "type": "integer",
          "minimum": 0
        }
      }
    },
    "start_season": {
      "type": "integer"
    },
    "end_season": {
      "type": "integer"
    }
  }
}