{
  "$schema": "http://json-schema.org/draft-07/schema#",
  "title": "FinanceRules",
  "type": "object",
  "required": [
    "fairplay",
    "taxation",
    "inflation",
    "event_modifiers"
  ],
  "properties": {
    "fairplay": {
      "type": "object",
      "properties": {
        "max_wage_to_revenue_ratio": {
          "type": "number"
        },
        "max_season_loss_ac": {
          "type": "integer"
        },
        "penalties": {
          "type": "array",
          "items": {
            "type": "string"
          }
        }
      }
    },
    "taxation": {
      "type": "object",
      "properties": {
        "base_tax_rate_pct": {
          "type": "number"
        },
        "country_modifiers": {
          "type": "object"
        }
      }
    },
    "inflation": {
      "type": "object",
      "properties": {
        "base_inflation_pct": {
          "type": "number"
        },
        "rich_league_boost_pct": {
          "type": "number"
        }
      }
    },
    "event_modifiers": {
      "type": "array",
      "items": {
        "type": "object",
        "properties": {
          "event_id": {
            "type": "string"
          },
          "label": {
            "type": "string"
          },
          "multiplier_income": {
            "type": "number"
          },
          "multiplier_expense": {
            "type": "number"
          }
        }
      }
    }
  }
}