{
  "$schema": "http://json-schema.org/draft-07/schema#",
  "title": "Sponsor",
  "type": "object",
  "required": [
    "sponsor_id",
    "name",
    "category",
    "payout_model",
    "conditions",
    "side_effects"
  ],
  "properties": {
    "sponsor_id": {
      "type": "string"
    },
    "name": {
      "type": "string"
    },
    "category": {
      "type": "string",
      "enum": [
        "Tech",
        "Arcane",
        "Brewer",
        "Royal",
        "Airship",
        "Media"
      ]
    },
    "payout_model": {
      "type": "object",
      "properties": {
        "base_ac_per_season": {
          "type": "integer"
        },
        "bonus_per_win": {
          "type": "integer"
        },
        "bonus_trophy": {
          "type": "integer"
        },
        "min_reputation": {
          "type": "integer"
        }
      }
    },
    "conditions": {
      "type": "array",
      "items": {
        "type": "string"
      }
    },
    "side_effects": {
      "type": "array",
      "items": {
        "type": "string"
      }
    }
  }
}