{
  "$schema": "http://json-schema.org/draft-07/schema#",
  "title": "LedgerTransaction",
  "type": "object",
  "required": [
    "tx_id",
    "club_id",
    "timestamp_utc",
    "category",
    "amount_ac",
    "direction"
  ],
  "properties": {
    "tx_id": {
      "type": "string"
    },
    "club_id": {
      "type": "string"
    },
    "timestamp_utc": {
      "type": "string"
    },
    "category": {
      "type": "string",
      "enum": [
        "matchday_ticket",
        "matchday_food",
        "broadcast_share",
        "sponsor_payout",
        "merchandise",
        "competition_prize",
        "transfer_in",
        "transfer_out",
        "wages",
        "bonus",
        "stadium_maintenance",
        "academy",
        "research",
        "tax",
        "loan_in",
        "loan_out",
        "interest"
      ]
    },
    "amount_ac": {
      "type": "integer"
    },
    "direction": {
      "type": "string",
      "enum": [
        "in",
        "out"
      ]
    },
    "meta": {
      "type": "object"
    }
  }
}