{
  "$schema": "http://json-schema.org/draft-07/schema#",
  "title": "Nation",
  "type": "object",
  "required": [
    "id",
    "name",
    "ethos",
    "bonuses",
    "restrictions",
    "leagues"
  ],
  "properties": {
    "id": {
      "type": "string"
    },
    "name": {
      "type": "string"
    },
    "ethos": {
      "type": "string"
    },
    "bonuses": {
      "type": "object"
    },
    "restrictions": {
      "type": "object"
    },
    "leagues": {
      "type": "array",
      "items": {
        "type": "object"
      }
    }
  }
}