{
  "$schema": "http://json-schema.org/draft-07/schema#",
  "title": "Synergy",
  "type": "object",
  "required": [
    "id",
    "type",
    "conditions",
    "effects"
  ],
  "properties": {
    "id": {
      "type": "string"
    },
    "type": {
      "type": "string",
      "enum": [
        "Racial",
        "Elemental",
        "Club",
        "Guild",
        "Personality",
        "Line",
        "Team"
      ]
    },
    "scope": {
      "type": "string",
      "enum": [
        "Duo",
        "Trio",
        "Line",
        "Team"
      ]
    },
    "line": {
      "type": "string",
      "enum": [
        "Back",
        "Mid",
        "Front",
        "Any"
      ]
    },
    "conditions": {
      "type": "array",
      "items": {
        "type": "string"
      }
    },
    "combo_moves": {
      "type": "array",
      "items": {
        "type": "string"
      }
    },
    "effects": {
      "type": "object",
      "properties": {
        "bonuses": {
          "type": "object"
        },
        "penalties": {
          "type": "object"
        },
        "chemistry": {
          "type": "integer"
        }
      }
    },
    "event_hooks": {
      "type": "array",
      "items": {
        "type": "object",
        "properties": {
          "trigger": {
            "type": "string"
          },
          "conditions": {
            "type": "array",
            "items": {
              "type": "string"
            }
          },
          "effects": {
            "type": "object"
          }
        }
      }
    }
  }
}