[
  {
    "tx_id": "2a1a31c1-0e77-461a-948f-cccf03f35ec7",
    "club_id": "gearhaven_utd",
    "timestamp_utc": "2025-09-05T09:15:53.501766Z",
    "category": "matchday_ticket",
    "amount_ac": 95000,
    "direction": "in",
    "meta": {
      "month": "M1",
      "home_matches": 3
    }
  },
  {
    "tx_id": "a66bfb42-c258-482c-8777-749af597189e",
    "club_id": "gearhaven_utd",
    "timestamp_utc": "2025-09-05T09:15:53.501799Z",
    "category": "matchday_food",
    "amount_ac": 18000,
    "direction": "in",
    "meta": {
      "month": "M1"
    }
  },
  {
    "tx_id": "45e897dd-2e73-4b26-aa17-8913ff45203f",
    "club_id": "gearhaven_utd",
    "timestamp_utc": "2025-09-05T09:15:53.501807Z",
    "category": "broadcast_share",
    "amount_ac": 40000,
    "direction": "in",
    "meta": {
      "month": "M1"
    }
  },
  {
    "tx_id": "bab79aec-88e6-4e5f-bacd-1aef44ea16d2",
    "club_id": "gearhaven_utd",
    "timestamp_utc": "2025-09-05T09:15:53.501813Z",
    "category": "sponsor_payout",
    "amount_ac": 20000,
    "direction": "in",
    "meta": {
      "sponsors": [
        "sp_tech_steamline"
      ]
    }
  },
  {
    "tx_id": "b9abb6a4-f849-4e7d-b0ad-9d95749ad1f0",
    "club_id": "gearhaven_utd",
    "timestamp_utc": "2025-09-05T09:15:53.501820Z",
    "category": "merchandise",
    "amount_ac": 12000,
    "direction": "in",
    "meta": {
      "month": "M1"
    }
  },
  {
    "tx_id": "97cc2ac6-3ab2-4e82-93bf-89b66d5ed70b",
    "club_id": "gearhaven_utd",
    "timestamp_utc": "2025-09-05T09:15:53.501826Z",
    "category": "wages",
    "amount_ac": 95000,
    "direction": "out",
    "meta": {
      "weeks": 4
    }
  },
  {
    "tx_id": "eb68e831-4fb0-497b-ac87-d50dc59cac52",
    "club_id": "gearhaven_utd",
    "timestamp_utc": "2025-09-05T09:15:53.501833Z",
    "category": "stadium_maintenance",
    "amount_ac": 62400,
    "direction": "out",
    "meta": {
      "month": "M1"
    }
  },
  {
    "tx_id": "f789d409-0f29-4ff1-b001-a32890d64651",
    "club_id": "gearhaven_utd",
    "timestamp_utc": "2025-09-05T09:15:53.501841Z",
    "category": "academy",
    "amount_ac": 10000,
    "direction": "out",
    "meta": {
      "level": 3
    }
  },
  {
    "tx_id": "90473685-309f-4d06-81a8-832f7d3b9fb3",
    "club_id": "gearhaven_utd",
    "timestamp_utc": "2025-09-05T09:15:53.501848Z",
    "category": "research",
    "amount_ac": 5000,
    "direction": "out",
    "meta": {
      "tier": "tier_1"
    }
  },
  {
    "tx_id": "d007fe72-4b10-43f7-af42-69f49f0f2d00",
    "club_id": "gearhaven_utd",
    "timestamp_utc": "2025-09-05T09:15:53.501854Z",
    "category": "tax",
    "amount_ac": 12000,
    "direction": "out",
    "meta": {
      "effective_rate": 0.12
    }
  }
]