{
  "$schema": "http://json-schema.org/draft-07/schema#",
  "title": "Club",
  "type": "object",
  "required": [
    "id",
    "name",
    "nation",
    "stadium",
    "style",
    "academy",
    "finance",
    "rivals",
    "identity"
  ],
  "properties": {
    "id": {
      "type": "string"
    },
    "name": {
      "type": "string"
    },
    "nation": {
      "type": "string"
    },
    "stadium": {
      "type": "string"
    },
    "style": {
      "type": "array",
      "items": {
        "type": "string"
      }
    },
    "academy": {
      "type": "integer",
      "minimum": 1,
      "maximum": 5
    },
    "finance": {
      "type": "string",
      "enum": [
        "Poor",
        "Average",
        "Rich"
      ]
    },
    "rivals": {
      "type": "array",
      "items": {
        "type": "string"
      }
    },
    "identity": {
      "type": "object",
      "properties": {
        "crest": {
          "type": "string"
        },
        "motto": {
          "type": "string"
        },
        "mascot": {
          "type": "string"
        }
      }
    }
  }
}