{
  "$schema": "http://json-schema.org/draft-07/schema#",
  "title": "Player",
  "type": "object",
  "required": [
    "id",
    "name",
    "race",
    "nation",
    "club",
    "age",
    "position",
    "attributes",
    "affinity",
    "personality",
    "rarity",
    "potential",
    "synergy_tags"
  ],
  "properties": {
    "id": {
      "type": "string"
    },
    "name": {
      "type": "object",
      "required": [
        "first",
        "last"
      ],
      "properties": {
        "first": {
          "type": "string"
        },
        "last": {
          "type": "string"
        },
        "alias": {
          "type": [
            "string",
            "null"
          ]
        }
      }
    },
    "race": {
      "type": "string",
      "enum": [
        "Human",
        "Elf",
        "Dwarf",
        "Orc",
        "Beastfolk",
        "Undead",
        "Automaton",
        "Aetherborn"
      ]
    },
    "nation": {
      "type": "string"
    },
    "club": {
      "type": "string"
    },
    "age": {
      "type": "integer",
      "minimum": 15,
      "maximum": 42
    },
    "position": {
      "type": "string",
      "enum": [
        "GK",
        "DF",
        "MF",
        "FW"
      ]
    },
    "attributes": {
      "type": "object",
      "properties": {
        "physical": {
          "type": "object"
        },
        "technical": {
          "type": "object"
        },
        "mental": {
          "type": "object"
        },
        "magicka": {
          "type": "object"
        }
      }
    },
    "affinity": {
      "type": "object",
      "properties": {
        "element": {
          "type": "string"
        },
        "guild": {
          "type": [
            "string",
            "null"
          ]
        }
      }
    },
    "personality": {
      "type": "string"
    },
    "synergy_tags": {
      "type": "array",
      "items": {
        "type": "string"
      }
    },
    "rarity": {
      "type": "string",
      "enum": [
        "Common",
        "Rare",
        "Epic",
        "Legend"
      ]
    },
    "potential": {
      "type": "integer",
      "minimum": 40,
      "maximum": 200
    },
    "history": {
      "type": [
        "object",
        "null"
      ]
    }
  }
}