{
  "$schema": "http://json-schema.org/draft-07/schema#",
  "title": "Synergy",
  "type": "object",
  "required": [
    "id",
    "type",
    "conditions",
    "effects"
  ],
  "properties": {
    "id": {
      "type": "string"
    },
    "type": {
      "type": "string",
      "enum": [
        "Racial",
        "Elemental",
        "Club",
        "Guild",
        "Personality"
      ]
    },
    "conditions": {
      "type": "array",
      "items": {
        "type": "string"
      }
    },
    "combo_moves": {
      "type": "array",
      "items": {
        "type": "string"
      }
    },
    "effects": {
      "type": "object",
      "properties": {
        "bonuses": {
          "type": "object"
        },
        "penalties": {
          "type": "object"
        }
      }
    }
  }
}