club_id,name,division,stadium,guild,budget_ac,reputation
AEV,Arcadia Everlight,APL,Mystic Park,Arcane,3500000,78
GHV,Gearhaven United,APL,Chronodome,Forge,3600000,80
GRB,Grimmr Bearpit,APL,Bearpit Arena,Brewers,2600000,72
NCV,Nocturna Veil,APL,Umbral Court,Shadow,3000000,75
SRN,Sirocco Nomads,APL,Sandsong Field,Sirocco,2400000,70
SKC,Skypirate Corsairs,APL,Skydock,Airship,2500000,71
DVF,Drakkenvald Forge,APL,Dragonsteel,Forge,3100000,76
EGS,Eldergrove Sylphs,APL,Verdant Glade,Nature,2550000,71
UCW,Umbral Court Wraiths,APL,Nightveil,Shadow,2950000,74
SSP,Sunspire Paladins,APL,Lumin Dome,Light,3300000,77
FMN,Frostmarsh Narwhals,APL,Iceflow,Water,2350000,69
SWT,Stormwatch Tempest,APL,Tempest Grounds,Storm,3200000,76
ICB,Ironclad Bastions,APL,Bastion Hold,Forge,2800000,73
EFP,Emberfall Phoenix,APL,Ashen Rise,Fire,3150000,76
MSR,Moonshadow Rangers,APL,Lunarglen,Shadow,2700000,72
RRT,Riverrun Tritons,APL,Tidehome,Water,2650000,72
TWT,Thornwall Thorns,APL,Bramble Gate,Nature,2450000,70
HCH,Halcyon Harps,APL,Haven Green,Light,2550000,71
BRM,Blackreach Miners,APL,Deepwell,Earth,2250000,68
GGF,Gilded Griffins,APL,Golden Aerie,Royal,3450000,79
