week,home,away,kickoff,stadium,cup_id
1,AEV,GGF,Sat 16:00,Mystic Park,
1,GHV,BRM,Sat 16:00,Chronodome,
1,GRB,HCH,Sat 16:00,Bearpit Arena,
1,NCV,TWT,Sat 16:00,Umbral Court,
1,SRN,RRT,Sat 16:00,Sandsong Field,
1,SKC,MSR,Sat 16:00,Skydock,
1,DVF,EFP,Sat 16:00,Dragonsteel,
1,EGS,ICB,Sat 16:00,Verdant Glade,
1,UCW,SWT,Sat 16:00,Nightveil,
1,SSP,FMN,Sat 16:00,Lumin Dome,
2,AEV,BRM,Sat 16:00,Mystic Park,
2,GGF,HCH,Sat 16:00,Golden Aerie,
2,GHV,TWT,Sat 16:00,Chronodome,
2,GRB,RRT,Sat 16:00,Bearpit Arena,
2,NCV,MSR,Sat 16:00,Umbral Court,
2,SRN,EFP,Sat 16:00,Sandsong Field,
2,SKC,ICB,Sat 16:00,Skydock,
2,DVF,SWT,Sat 16:00,Dragonsteel,
2,EGS,FMN,Sat 16:00,Verdant Glade,
2,UCW,SSP,Sat 16:00,Nightveil,
3,AEV,HCH,Sat 16:00,Mystic Park,
3,BRM,TWT,Sat 16:00,Deepwell,
3,GGF,RRT,Sat 16:00,Golden Aerie,
3,GHV,MSR,Sat 16:00,Chronodome,
3,GRB,EFP,Sat 16:00,Bearpit Arena,
3,NCV,ICB,Sat 16:00,Umbral Court,
3,SRN,SWT,Sat 16:00,Sandsong Field,
3,SKC,FMN,Sat 16:00,Skydock,
3,DVF,SSP,Sat 16:00,Dragonsteel,
3,EGS,UCW,Sat 16:00,Verdant Glade,
4,AEV,TWT,Sat 16:00,Mystic Park,
4,HCH,RRT,Sat 16:00,Haven Green,
4,BRM,MSR,Sat 16:00,Deepwell,
4,GGF,EFP,Sat 16:00,Golden Aerie,
4,GHV,ICB,Sat 16:00,Chronodome,
4,GRB,SWT,Sat 16:00,Bearpit Arena,
4,NCV,FMN,Sat 16:00,Umbral Court,
4,SRN,SSP,Sat 16:00,Sandsong Field,
4,SKC,UCW,Sat 16:00,Skydock,
4,DVF,EGS,Sat 16:00,Dragonsteel,
5,AEV,RRT,Sat 16:00,Mystic Park,
5,TWT,MSR,Sat 16:00,Bramble Gate,
5,HCH,EFP,Sat 16:00,Haven Green,
5,BRM,ICB,Sat 16:00,Deepwell,
5,GGF,SWT,Sat 16:00,Golden Aerie,
5,GHV,FMN,Sat 16:00,Chronodome,
5,GRB,SSP,Sat 16:00,Bearpit Arena,
5,NCV,UCW,Sat 16:00,Umbral Court,
5,SRN,EGS,Sat 16:00,Sandsong Field,
5,SKC,DVF,Sat 16:00,Skydock,
6,AEV,MSR,Sat 16:00,Mystic Park,
6,RRT,EFP,Sat 16:00,Tidehome,
6,TWT,ICB,Sat 16:00,Bramble Gate,
6,HCH,SWT,Sat 16:00,Haven Green,
6,BRM,FMN,Sat 16:00,Deepwell,
6,GGF,SSP,Sat 16:00,Golden Aerie,
6,GHV,UCW,Sat 16:00,Chronodome,
6,GRB,EGS,Sat 16:00,Bearpit Arena,
6,NCV,DVF,Sat 16:00,Umbral Court,
6,SRN,SKC,Sat 16:00,Sandsong Field,
7,AEV,EFP,Sat 16:00,Mystic Park,
7,MSR,ICB,Sat 16:00,Lunarglen,
7,RRT,SWT,Sat 16:00,Tidehome,
7,TWT,FMN,Sat 16:00,Bramble Gate,
7,HCH,SSP,Sat 16:00,Haven Green,
7,BRM,UCW,Sat 16:00,Deepwell,
7,GGF,EGS,Sat 16:00,Golden Aerie,
7,GHV,DVF,Sat 16:00,Chronodome,
7,GRB,SKC,Sat 16:00,Bearpit Arena,
7,NCV,SRN,Sat 16:00,Umbral Court,
8,AEV,ICB,Sat 16:00,Mystic Park,
8,EFP,SWT,Sat 16:00,Ashen Rise,
8,MSR,FMN,Sat 16:00,Lunarglen,
8,RRT,SSP,Sat 16:00,Tidehome,
8,TWT,UCW,Sat 16:00,Bramble Gate,
8,HCH,EGS,Sat 16:00,Haven Green,
8,BRM,DVF,Sat 16:00,Deepwell,
8,GGF,SKC,Sat 16:00,Golden Aerie,
8,GHV,SRN,Sat 16:00,Chronodome,
8,GRB,NCV,Sat 16:00,Bearpit Arena,
9,AEV,SWT,Sat 16:00,Mystic Park,
9,ICB,FMN,Sat 16:00,Bastion Hold,
9,EFP,SSP,Sat 16:00,Ashen Rise,
9,MSR,UCW,Sat 16:00,Lunarglen,
9,RRT,EGS,Sat 16:00,Tidehome,
9,TWT,DVF,Sat 16:00,Bramble Gate,
9,HCH,SKC,Sat 16:00,Haven Green,
9,BRM,SRN,Sat 16:00,Deepwell,
9,GGF,NCV,Sat 16:00,Golden Aerie,
9,GHV,GRB,Sat 16:00,Chronodome,
10,AEV,FMN,Sat 16:00,Mystic Park,
10,SWT,SSP,Sat 16:00,Tempest Grounds,
10,ICB,UCW,Sat 16:00,Bastion Hold,
10,EFP,EGS,Sat 16:00,Ashen Rise,
10,MSR,DVF,Sat 16:00,Lunarglen,
10,RRT,SKC,Sat 16:00,Tidehome,
10,TWT,SRN,Sat 16:00,Bramble Gate,
10,HCH,NCV,Sat 16:00,Haven Green,
10,BRM,GRB,Sat 16:00,Deepwell,
10,GGF,GHV,Sat 16:00,Golden Aerie,
11,AEV,SSP,Sat 16:00,Mystic Park,
11,FMN,UCW,Sat 16:00,Iceflow,
11,SWT,EGS,Sat 16:00,Tempest Grounds,
11,ICB,DVF,Sat 16:00,Bastion Hold,
11,EFP,SKC,Sat 16:00,Ashen Rise,
11,MSR,SRN,Sat 16:00,Lunarglen,
11,RRT,NCV,Sat 16:00,Tidehome,
11,TWT,GRB,Sat 16:00,Bramble Gate,
11,HCH,GHV,Sat 16:00,Haven Green,
11,BRM,GGF,Sat 16:00,Deepwell,
12,AEV,UCW,Sat 16:00,Mystic Park,
12,SSP,EGS,Sat 16:00,Lumin Dome,
12,FMN,DVF,Sat 16:00,Iceflow,
12,SWT,SKC,Sat 16:00,Tempest Grounds,
12,ICB,SRN,Sat 16:00,Bastion Hold,
12,EFP,NCV,Sat 16:00,Ashen Rise,
12,MSR,GRB,Sat 16:00,Lunarglen,
12,RRT,GHV,Sat 16:00,Tidehome,
12,TWT,GGF,Sat 16:00,Bramble Gate,
12,HCH,BRM,Sat 16:00,Haven Green,
13,AEV,EGS,Sat 16:00,Mystic Park,
13,UCW,DVF,Sat 16:00,Nightveil,
13,SSP,SKC,Sat 16:00,Lumin Dome,
13,FMN,SRN,Sat 16:00,Iceflow,
13,SWT,NCV,Sat 16:00,Tempest Grounds,
13,ICB,GRB,Sat 16:00,Bastion Hold,
13,EFP,GHV,Sat 16:00,Ashen Rise,
13,MSR,GGF,Sat 16:00,Lunarglen,
13,RRT,BRM,Sat 16:00,Tidehome,
13,TWT,HCH,Sat 16:00,Bramble Gate,
14,AEV,DVF,Sat 16:00,Mystic Park,
14,EGS,SKC,Sat 16:00,Verdant Glade,
14,UCW,SRN,Sat 16:00,Nightveil,
14,SSP,NCV,Sat 16:00,Lumin Dome,
14,FMN,GRB,Sat 16:00,Iceflow,
14,SWT,GHV,Sat 16:00,Tempest Grounds,
14,ICB,GGF,Sat 16:00,Bastion Hold,
14,EFP,BRM,Sat 16:00,Ashen Rise,
14,MSR,HCH,Sat 16:00,Lunarglen,
14,RRT,TWT,Sat 16:00,Tidehome,
15,AEV,SKC,Sat 16:00,Mystic Park,
15,DVF,SRN,Sat 16:00,Dragonsteel,
15,EGS,NCV,Sat 16:00,Verdant Glade,
15,UCW,GRB,Sat 16:00,Nightveil,
15,SSP,GHV,Sat 16:00,Lumin Dome,
15,FMN,GGF,Sat 16:00,Iceflow,
15,SWT,BRM,Sat 16:00,Tempest Grounds,
15,ICB,HCH,Sat 16:00,Bastion Hold,
15,EFP,TWT,Sat 16:00,Ashen Rise,
15,MSR,RRT,Sat 16:00,Lunarglen,
16,AEV,SRN,Sat 16:00,Mystic Park,
16,SKC,NCV,Sat 16:00,Skydock,
16,DVF,GRB,Sat 16:00,Dragonsteel,
16,EGS,GHV,Sat 16:00,Verdant Glade,
16,UCW,GGF,Sat 16:00,Nightveil,
16,SSP,BRM,Sat 16:00,Lumin Dome,
16,FMN,HCH,Sat 16:00,Iceflow,
16,SWT,TWT,Sat 16:00,Tempest Grounds,
16,ICB,RRT,Sat 16:00,Bastion Hold,
16,EFP,MSR,Sat 16:00,Ashen Rise,
17,AEV,NCV,Sat 16:00,Mystic Park,
17,SRN,GRB,Sat 16:00,Sandsong Field,
17,SKC,GHV,Sat 16:00,Skydock,
17,DVF,GGF,Sat 16:00,Dragonsteel,
17,EGS,BRM,Sat 16:00,Verdant Glade,
17,UCW,HCH,Sat 16:00,Nightveil,
17,SSP,TWT,Sat 16:00,Lumin Dome,
17,FMN,RRT,Sat 16:00,Iceflow,
17,SWT,MSR,Sat 16:00,Tempest Grounds,
17,ICB,EFP,Sat 16:00,Bastion Hold,
18,AEV,GRB,Sat 16:00,Mystic Park,
18,NCV,GHV,Sat 16:00,Umbral Court,
18,SRN,GGF,Sat 16:00,Sandsong Field,
18,SKC,BRM,Sat 16:00,Skydock,
18,DVF,HCH,Sat 16:00,Dragonsteel,
18,EGS,TWT,Sat 16:00,Verdant Glade,
18,UCW,RRT,Sat 16:00,Nightveil,
18,SSP,MSR,Sat 16:00,Lumin Dome,
18,FMN,EFP,Sat 16:00,Iceflow,
18,SWT,ICB,Sat 16:00,Tempest Grounds,
19,AEV,GHV,Sat 16:00,Mystic Park,
19,GRB,GGF,Sat 16:00,Bearpit Arena,
19,NCV,BRM,Sat 16:00,Umbral Court,
19,SRN,HCH,Sat 16:00,Sandsong Field,
19,SKC,TWT,Sat 16:00,Skydock,
19,DVF,RRT,Sat 16:00,Dragonsteel,
19,EGS,MSR,Sat 16:00,Verdant Glade,
19,UCW,EFP,Sat 16:00,Nightveil,
19,SSP,ICB,Sat 16:00,Lumin Dome,
19,FMN,SWT,Sat 16:00,Iceflow,
20,GGF,AEV,Sat 16:00,Golden Aerie,
20,BRM,GHV,Sat 16:00,Deepwell,
20,HCH,GRB,Sat 16:00,Haven Green,
20,TWT,NCV,Sat 16:00,Bramble Gate,
20,RRT,SRN,Sat 16:00,Tidehome,
20,MSR,SKC,Sat 16:00,Lunarglen,
20,EFP,DVF,Sat 16:00,Ashen Rise,
20,ICB,EGS,Sat 16:00,Bastion Hold,
20,SWT,UCW,Sat 16:00,Tempest Grounds,
20,FMN,SSP,Sat 16:00,Iceflow,
21,BRM,AEV,Sat 16:00,Deepwell,
21,HCH,GGF,Sat 16:00,Haven Green,
21,TWT,GHV,Sat 16:00,Bramble Gate,
21,RRT,GRB,Sat 16:00,Tidehome,
21,MSR,NCV,Sat 16:00,Lunarglen,
21,EFP,SRN,Sat 16:00,Ashen Rise,
21,ICB,SKC,Sat 16:00,Bastion Hold,
21,SWT,DVF,Sat 16:00,Tempest Grounds,
21,FMN,EGS,Sat 16:00,Iceflow,
21,SSP,UCW,Sat 16:00,Lumin Dome,
22,HCH,AEV,Sat 16:00,Haven Green,
22,TWT,BRM,Sat 16:00,Bramble Gate,
22,RRT,GGF,Sat 16:00,Tidehome,
22,MSR,GHV,Sat 16:00,Lunarglen,
22,EFP,GRB,Sat 16:00,Ashen Rise,
22,ICB,NCV,Sat 16:00,Bastion Hold,
22,SWT,SRN,Sat 16:00,Tempest Grounds,
22,FMN,SKC,Sat 16:00,Iceflow,
22,SSP,DVF,Sat 16:00,Lumin Dome,
22,UCW,EGS,Sat 16:00,Nightveil,
23,TWT,AEV,Sat 16:00,Bramble Gate,
23,RRT,HCH,Sat 16:00,Tidehome,
23,MSR,BRM,Sat 16:00,Lunarglen,
23,EFP,GGF,Sat 16:00,Ashen Rise,
23,ICB,GHV,Sat 16:00,Bastion Hold,
23,SWT,GRB,Sat 16:00,Tempest Grounds,
23,FMN,NCV,Sat 16:00,Iceflow,
23,SSP,SRN,Sat 16:00,Lumin Dome,
23,UCW,SKC,Sat 16:00,Nightveil,
23,EGS,DVF,Sat 16:00,Verdant Glade,
24,RRT,AEV,Sat 16:00,Tidehome,
24,MSR,TWT,Sat 16:00,Lunarglen,
24,EFP,HCH,Sat 16:00,Ashen Rise,
24,ICB,BRM,Sat 16:00,Bastion Hold,
24,SWT,GGF,Sat 16:00,Tempest Grounds,
24,FMN,GHV,Sat 16:00,Iceflow,
24,SSP,GRB,Sat 16:00,Lumin Dome,
24,UCW,NCV,Sat 16:00,Nightveil,
24,EGS,SRN,Sat 16:00,Verdant Glade,
24,DVF,SKC,Sat 16:00,Dragonsteel,
25,MSR,AEV,Sat 16:00,Lunarglen,
25,EFP,RRT,Sat 16:00,Ashen Rise,
25,ICB,TWT,Sat 16:00,Bastion Hold,
25,SWT,HCH,Sat 16:00,Tempest Grounds,
25,FMN,BRM,Sat 16:00,Iceflow,
25,SSP,GGF,Sat 16:00,Lumin Dome,
25,UCW,GHV,Sat 16:00,Nightveil,
25,EGS,GRB,Sat 16:00,Verdant Glade,
25,DVF,NCV,Sat 16:00,Dragonsteel,
25,SKC,SRN,Sat 16:00,Skydock,
26,EFP,AEV,Sat 16:00,Ashen Rise,
26,ICB,MSR,Sat 16:00,Bastion Hold,
26,SWT,RRT,Sat 16:00,Tempest Grounds,
26,FMN,TWT,Sat 16:00,Iceflow,
26,SSP,HCH,Sat 16:00,Lumin Dome,
26,UCW,BRM,Sat 16:00,Nightveil,
26,EGS,GGF,Sat 16:00,Verdant Glade,
26,DVF,GHV,Sat 16:00,Dragonsteel,
26,SKC,GRB,Sat 16:00,Skydock,
26,SRN,NCV,Sat 16:00,Sandsong Field,
27,ICB,AEV,Sat 16:00,Bastion Hold,
27,SWT,EFP,Sat 16:00,Tempest Grounds,
27,FMN,MSR,Sat 16:00,Iceflow,
27,SSP,RRT,Sat 16:00,Lumin Dome,
27,UCW,TWT,Sat 16:00,Nightveil,
27,EGS,HCH,Sat 16:00,Verdant Glade,
27,DVF,BRM,Sat 16:00,Dragonsteel,
27,SKC,GGF,Sat 16:00,Skydock,
27,SRN,GHV,Sat 16:00,Sandsong Field,
27,NCV,GRB,Sat 16:00,Umbral Court,
28,SWT,AEV,Sat 16:00,Tempest Grounds,
28,FMN,ICB,Sat 16:00,Iceflow,
28,SSP,EFP,Sat 16:00,Lumin Dome,
28,UCW,MSR,Sat 16:00,Nightveil,
28,EGS,RRT,Sat 16:00,Verdant Glade,
28,DVF,TWT,Sat 16:00,Dragonsteel,
28,SKC,HCH,Sat 16:00,Skydock,
28,SRN,BRM,Sat 16:00,Sandsong Field,
28,NCV,GGF,Sat 16:00,Umbral Court,
28,GRB,GHV,Sat 16:00,Bearpit Arena,
29,FMN,AEV,Sat 16:00,Iceflow,
29,SSP,SWT,Sat 16:00,Lumin Dome,
29,UCW,ICB,Sat 16:00,Nightveil,
29,EGS,EFP,Sat 16:00,Verdant Glade,
29,DVF,MSR,Sat 16:00,Dragonsteel,
29,SKC,RRT,Sat 16:00,Skydock,
29,SRN,TWT,Sat 16:00,Sandsong Field,
29,NCV,HCH,Sat 16:00,Umbral Court,
29,GRB,BRM,Sat 16:00,Bearpit Arena,
29,GHV,GGF,Sat 16:00,Chronodome,
30,SSP,AEV,Sat 16:00,Lumin Dome,
30,UCW,FMN,Sat 16:00,Nightveil,
30,EGS,SWT,Sat 16:00,Verdant Glade,
30,DVF,ICB,Sat 16:00,Dragonsteel,
30,SKC,EFP,Sat 16:00,Skydock,
30,SRN,MSR,Sat 16:00,Sandsong Field,
30,NCV,RRT,Sat 16:00,Umbral Court,
30,GRB,TWT,Sat 16:00,Bearpit Arena,
30,GHV,HCH,Sat 16:00,Chronodome,
30,GGF,BRM,Sat 16:00,Golden Aerie,
31,UCW,AEV,Sat 16:00,Nightveil,
31,EGS,SSP,Sat 16:00,Verdant Glade,
31,DVF,FMN,Sat 16:00,Dragonsteel,
31,SKC,SWT,Sat 16:00,Skydock,
31,SRN,ICB,Sat 16:00,Sandsong Field,
31,NCV,EFP,Sat 16:00,Umbral Court,
31,GRB,MSR,Sat 16:00,Bearpit Arena,
31,GHV,RRT,Sat 16:00,Chronodome,
31,GGF,TWT,Sat 16:00,Golden Aerie,
31,BRM,HCH,Sat 16:00,Deepwell,
32,EGS,AEV,Sat 16:00,Verdant Glade,
32,DVF,UCW,Sat 16:00,Dragonsteel,
32,SKC,SSP,Sat 16:00,Skydock,
32,SRN,FMN,Sat 16:00,Sandsong Field,
32,NCV,SWT,Sat 16:00,Umbral Court,
32,GRB,ICB,Sat 16:00,Bearpit Arena,
32,GHV,EFP,Sat 16:00,Chronodome,
32,GGF,MSR,Sat 16:00,Golden Aerie,
32,BRM,RRT,Sat 16:00,Deepwell,
32,HCH,TWT,Sat 16:00,Haven Green,
33,DVF,AEV,Sat 16:00,Dragonsteel,
33,SKC,EGS,Sat 16:00,Skydock,
33,SRN,UCW,Sat 16:00,Sandsong Field,
33,NCV,SSP,Sat 16:00,Umbral Court,
33,GRB,FMN,Sat 16:00,Bearpit Arena,
33,GHV,SWT,Sat 16:00,Chronodome,
33,GGF,ICB,Sat 16:00,Golden Aerie,
33,BRM,EFP,Sat 16:00,Deepwell,
33,HCH,MSR,Sat 16:00,Haven Green,
33,TWT,RRT,Sat 16:00,Bramble Gate,
34,SKC,AEV,Sat 16:00,Skydock,
34,SRN,DVF,Sat 16:00,Sandsong Field,
34,NCV,EGS,Sat 16:00,Umbral Court,
34,GRB,UCW,Sat 16:00,Bearpit Arena,
34,GHV,SSP,Sat 16:00,Chronodome,
34,GGF,FMN,Sat 16:00,Golden Aerie,
34,BRM,SWT,Sat 16:00,Deepwell,
34,HCH,ICB,Sat 16:00,Haven Green,
34,TWT,EFP,Sat 16:00,Bramble Gate,
34,RRT,MSR,Sat 16:00,Tidehome,
35,SRN,AEV,Sat 16:00,Sandsong Field,
35,NCV,SKC,Sat 16:00,Umbral Court,
35,GRB,DVF,Sat 16:00,Bearpit Arena,
35,GHV,EGS,Sat 16:00,Chronodome,
35,GGF,UCW,Sat 16:00,Golden Aerie,
35,BRM,SSP,Sat 16:00,Deepwell,
35,HCH,FMN,Sat 16:00,Haven Green,
35,TWT,SWT,Sat 16:00,Bramble Gate,
35,RRT,ICB,Sat 16:00,Tidehome,
35,MSR,EFP,Sat 16:00,Lunarglen,
36,NCV,AEV,Sat 16:00,Umbral Court,
36,GRB,SRN,Sat 16:00,Bearpit Arena,
36,GHV,SKC,Sat 16:00,Chronodome,
36,GGF,DVF,Sat 16:00,Golden Aerie,
36,BRM,EGS,Sat 16:00,Deepwell,
36,HCH,UCW,Sat 16:00,Haven Green,
36,TWT,SSP,Sat 16:00,Bramble Gate,
36,RRT,FMN,Sat 16:00,Tidehome,
36,MSR,SWT,Sat 16:00,Lunarglen,
36,EFP,ICB,Sat 16:00,Ashen Rise,
37,GRB,AEV,Sat 16:00,Bearpit Arena,
37,GHV,NCV,Sat 16:00,Chronodome,
37,GGF,SRN,Sat 16:00,Golden Aerie,
37,BRM,SKC,Sat 16:00,Deepwell,
37,HCH,DVF,Sat 16:00,Haven Green,
37,TWT,EGS,Sat 16:00,Bramble Gate,
37,RRT,UCW,Sat 16:00,Tidehome,
37,MSR,SSP,Sat 16:00,Lunarglen,
37,EFP,FMN,Sat 16:00,Ashen Rise,
37,ICB,SWT,Sat 16:00,Bastion Hold,
38,GHV,AEV,Sat 16:00,Chronodome,
38,GGF,GRB,Sat 16:00,Golden Aerie,
38,BRM,NCV,Sat 16:00,Deepwell,
38,HCH,SRN,Sat 16:00,Haven Green,
38,TWT,SKC,Sat 16:00,Bramble Gate,
38,RRT,DVF,Sat 16:00,Tidehome,
38,MSR,EGS,Sat 16:00,Lunarglen,
38,EFP,UCW,Sat 16:00,Ashen Rise,
38,ICB,SSP,Sat 16:00,Bastion Hold,
38,SWT,FMN,Sat 16:00,Tempest Grounds,
