{
  "meta": {
    "season": "Auroria 1003 A.E.",
    "division": "APL"
  },
  "week": 1,
  "table": {
    "AEV": {
      "pts": 0,
      "gf": 0,
      "ga": 0,
      "gd": 0,
      "w": 0,
      "d": 0,
      "l": 0
    },
    "GHV": {
      "pts": 0,
      "gf": 0,
      "ga": 0,
      "gd": 0,
      "w": 0,
      "d": 0,
      "l": 0
    },
    "GRB": {
      "pts": 0,
      "gf": 0,
      "ga": 0,
      "gd": 0,
      "w": 0,
      "d": 0,
      "l": 0
    },
    "NCV": {
      "pts": 0,
      "gf": 0,
      "ga": 0,
      "gd": 0,
      "w": 0,
      "d": 0,
      "l": 0
    },
    "SRN": {
      "pts": 0,
      "gf": 0,
      "ga": 0,
      "gd": 0,
      "w": 0,
      "d": 0,
      "l": 0
    },
    "SKC": {
      "pts": 0,
      "gf": 0,
      "ga": 0,
      "gd": 0,
      "w": 0,
      "d": 0,
      "l": 0
    },
    "DVF": {
      "pts": 0,
      "gf": 0,
      "ga": 0,
      "gd": 0,
      "w": 0,
      "d": 0,
      "l": 0
    },
    "EGS": {
      "pts": 0,
      "gf": 0,
      "ga": 0,
      "gd": 0,
      "w": 0,
      "d": 0,
      "l": 0
    },
    "UCW": {
      "pts": 0,
      "gf": 0,
      "ga": 0,
      "gd": 0,
      "w": 0,
      "d": 0,
      "l": 0
    },
    "SSP": {
      "pts": 0,
      "gf": 0,
      "ga": 0,
      "gd": 0,
      "w": 0,
      "d": 0,
      "l": 0
    },
    "FMN": {
      "pts": 0,
      "gf": 0,
      "ga": 0,
      "gd": 0,
      "w": 0,
      "d": 0,
      "l": 0
    },
    "SWT": {
      "pts": 0,
      "gf": 0,
      "ga": 0,
      "gd": 0,
      "w": 0,
      "d": 0,
      "l": 0
    },
    "ICB": {
      "pts": 0,
      "gf": 0,
      "ga": 0,
      "gd": 0,
      "w": 0,
      "d": 0,
      "l": 0
    },
    "EFP": {
      "pts": 0,
      "gf": 0,
      "ga": 0,
      "gd": 0,
      "w": 0,
      "d": 0,
      "l": 0
    },
    "MSR": {
      "pts": 0,
      "gf": 0,
      "ga": 0,
      "gd": 0,
      "w": 0,
      "d": 0,
      "l": 0
    },
    "RRT": {
      "pts": 0,
      "gf": 0,
      "ga": 0,
      "gd": 0,
      "w": 0,
      "d": 0,
      "l": 0
    },
    "TWT": {
      "pts": 0,
      "gf": 0,
      "ga": 0,
      "gd": 0,
      "w": 0,
      "d": 0,
      "l": 0
    },
    "HCH": {
      "pts": 0,
      "gf": 0,
      "ga": 0,
      "gd": 0,
      "w": 0,
      "d": 0,
      "l": 0
    },
    "BRM": {
      "pts": 0,
      "gf": 0,
      "ga": 0,
      "gd": 0,
      "w": 0,
      "d": 0,
      "l": 0
    },
    "GGF": {
      "pts": 0,
      "gf": 0,
      "ga": 0,
      "gd": 0,
      "w": 0,
      "d": 0,
      "l": 0
    }
  },
  "fixtures": [
    {
      "week": 1,
      "home": "AEV",
      "away": "GGF",
      "kickoff": "Sat 16:00",
      "stadium": "Mystic Park",
      "cup_id": ""
    },
    {
      "week": 1,
      "home": "GHV",
      "away": "BRM",
      "kickoff": "Sat 16:00",
      "stadium": "Chronodome",
      "cup_id": ""
    },
    {
      "week": 1,
      "home": "GRB",
      "away": "HCH",
      "kickoff": "Sat 16:00",
      "stadium": "Bearpit Arena",
      "cup_id": ""
    },
    {
      "week": 1,
      "home": "NCV",
      "away": "TWT",
      "kickoff": "Sat 16:00",
      "stadium": "Umbral Court",
      "cup_id": ""
    },
    {
      "week": 1,
      "home": "SRN",
      "away": "RRT",
      "kickoff": "Sat 16:00",
      "stadium": "Sandsong Field",
      "cup_id": ""
    },
    {
      "week": 1,
      "home": "SKC",
      "away": "MSR",
      "kickoff": "Sat 16:00",
      "stadium": "Skydock",
      "cup_id": ""
    },
    {
      "week": 1,
      "home": "DVF",
      "away": "EFP",
      "kickoff": "Sat 16:00",
      "stadium": "Dragonsteel",
      "cup_id": ""
    },
    {
      "week": 1,
      "home": "EGS",
      "away": "ICB",
      "kickoff": "Sat 16:00",
      "stadium": "Verdant Glade",
      "cup_id": ""
    },
    {
      "week": 1,
      "home": "UCW",
      "away": "SWT",
      "kickoff": "Sat 16:00",
      "stadium": "Nightveil",
      "cup_id": ""
    },
    {
      "week": 1,
      "home": "SSP",
      "away": "FMN",
      "kickoff": "Sat 16:00",
      "stadium": "Lumin Dome",
      "cup_id": ""
    },
    {
      "week": 2,
      "home": "AEV",
      "away": "BRM",
      "kickoff": "Sat 16:00",
      "stadium": "Mystic Park",
      "cup_id": ""
    },
    {
      "week": 2,
      "home": "GGF",
      "away": "HCH",
      "kickoff": "Sat 16:00",
      "stadium": "Golden Aerie",
      "cup_id": ""
    },
    {
      "week": 2,
      "home": "GHV",
      "away": "TWT",
      "kickoff": "Sat 16:00",
      "stadium": "Chronodome",
      "cup_id": ""
    },
    {
      "week": 2,
      "home": "GRB",
      "away": "RRT",
      "kickoff": "Sat 16:00",
      "stadium": "Bearpit Arena",
      "cup_id": ""
    },
    {
      "week": 2,
      "home": "NCV",
      "away": "MSR",
      "kickoff": "Sat 16:00",
      "stadium": "Umbral Court",
      "cup_id": ""
    },
    {
      "week": 2,
      "home": "SRN",
      "away": "EFP",
      "kickoff": "Sat 16:00",
      "stadium": "Sandsong Field",
      "cup_id": ""
    },
    {
      "week": 2,
      "home": "SKC",
      "away": "ICB",
      "kickoff": "Sat 16:00",
      "stadium": "Skydock",
      "cup_id": ""
    },
    {
      "week": 2,
      "home": "DVF",
      "away": "SWT",
      "kickoff": "Sat 16:00",
      "stadium": "Dragonsteel",
      "cup_id": ""
    },
    {
      "week": 2,
      "home": "EGS",
      "away": "FMN",
      "kickoff": "Sat 16:00",
      "stadium": "Verdant Glade",
      "cup_id": ""
    },
    {
      "week": 2,
      "home": "UCW",
      "away": "SSP",
      "kickoff": "Sat 16:00",
      "stadium": "Nightveil",
      "cup_id": ""
    },
    {
      "week": 3,
      "home": "AEV",
      "away": "HCH",
      "kickoff": "Sat 16:00",
      "stadium": "Mystic Park",
      "cup_id": ""
    },
    {
      "week": 3,
      "home": "BRM",
      "away": "TWT",
      "kickoff": "Sat 16:00",
      "stadium": "Deepwell",
      "cup_id": ""
    },
    {
      "week": 3,
      "home": "GGF",
      "away": "RRT",
      "kickoff": "Sat 16:00",
      "stadium": "Golden Aerie",
      "cup_id": ""
    },
    {
      "week": 3,
      "home": "GHV",
      "away": "MSR",
      "kickoff": "Sat 16:00",
      "stadium": "Chronodome",
      "cup_id": ""
    },
    {
      "week": 3,
      "home": "GRB",
      "away": "EFP",
      "kickoff": "Sat 16:00",
      "stadium": "Bearpit Arena",
      "cup_id": ""
    },
    {
      "week": 3,
      "home": "NCV",
      "away": "ICB",
      "kickoff": "Sat 16:00",
      "stadium": "Umbral Court",
      "cup_id": ""
    },
    {
      "week": 3,
      "home": "SRN",
      "away": "SWT",
      "kickoff": "Sat 16:00",
      "stadium": "Sandsong Field",
      "cup_id": ""
    },
    {
      "week": 3,
      "home": "SKC",
      "away": "FMN",
      "kickoff": "Sat 16:00",
      "stadium": "Skydock",
      "cup_id": ""
    },
    {
      "week": 3,
      "home": "DVF",
      "away": "SSP",
      "kickoff": "Sat 16:00",
      "stadium": "Dragonsteel",
      "cup_id": ""
    },
    {
      "week": 3,
      "home": "EGS",
      "away": "UCW",
      "kickoff": "Sat 16:00",
      "stadium": "Verdant Glade",
      "cup_id": ""
    },
    {
      "week": 4,
      "home": "AEV",
      "away": "TWT",
      "kickoff": "Sat 16:00",
      "stadium": "Mystic Park",
      "cup_id": ""
    },
    {
      "week": 4,
      "home": "HCH",
      "away": "RRT",
      "kickoff": "Sat 16:00",
      "stadium": "Haven Green",
      "cup_id": ""
    },
    {
      "week": 4,
      "home": "BRM",
      "away": "MSR",
      "kickoff": "Sat 16:00",
      "stadium": "Deepwell",
      "cup_id": ""
    },
    {
      "week": 4,
      "home": "GGF",
      "away": "EFP",
      "kickoff": "Sat 16:00",
      "stadium": "Golden Aerie",
      "cup_id": ""
    },
    {
      "week": 4,
      "home": "GHV",
      "away": "ICB",
      "kickoff": "Sat 16:00",
      "stadium": "Chronodome",
      "cup_id": ""
    },
    {
      "week": 4,
      "home": "GRB",
      "away": "SWT",
      "kickoff": "Sat 16:00",
      "stadium": "Bearpit Arena",
      "cup_id": ""
    },
    {
      "week": 4,
      "home": "NCV",
      "away": "FMN",
      "kickoff": "Sat 16:00",
      "stadium": "Umbral Court",
      "cup_id": ""
    },
    {
      "week": 4,
      "home": "SRN",
      "away": "SSP",
      "kickoff": "Sat 16:00",
      "stadium": "Sandsong Field",
      "cup_id": ""
    },
    {
      "week": 4,
      "home": "SKC",
      "away": "UCW",
      "kickoff": "Sat 16:00",
      "stadium": "Skydock",
      "cup_id": ""
    },
    {
      "week": 4,
      "home": "DVF",
      "away": "EGS",
      "kickoff": "Sat 16:00",
      "stadium": "Dragonsteel",
      "cup_id": ""
    },
    {
      "week": 5,
      "home": "AEV",
      "away": "RRT",
      "kickoff": "Sat 16:00",
      "stadium": "Mystic Park",
      "cup_id": ""
    },
    {
      "week": 5,
      "home": "TWT",
      "away": "MSR",
      "kickoff": "Sat 16:00",
      "stadium": "Bramble Gate",
      "cup_id": ""
    },
    {
      "week": 5,
      "home": "HCH",
      "away": "EFP",
      "kickoff": "Sat 16:00",
      "stadium": "Haven Green",
      "cup_id": ""
    },
    {
      "week": 5,
      "home": "BRM",
      "away": "ICB",
      "kickoff": "Sat 16:00",
      "stadium": "Deepwell",
      "cup_id": ""
    },
    {
      "week": 5,
      "home": "GGF",
      "away": "SWT",
      "kickoff": "Sat 16:00",
      "stadium": "Golden Aerie",
      "cup_id": ""
    },
    {
      "week": 5,
      "home": "GHV",
      "away": "FMN",
      "kickoff": "Sat 16:00",
      "stadium": "Chronodome",
      "cup_id": ""
    },
    {
      "week": 5,
      "home": "GRB",
      "away": "SSP",
      "kickoff": "Sat 16:00",
      "stadium": "Bearpit Arena",
      "cup_id": ""
    },
    {
      "week": 5,
      "home": "NCV",
      "away": "UCW",
      "kickoff": "Sat 16:00",
      "stadium": "Umbral Court",
      "cup_id": ""
    },
    {
      "week": 5,
      "home": "SRN",
      "away": "EGS",
      "kickoff": "Sat 16:00",
      "stadium": "Sandsong Field",
      "cup_id": ""
    },
    {
      "week": 5,
      "home": "SKC",
      "away": "DVF",
      "kickoff": "Sat 16:00",
      "stadium": "Skydock",
      "cup_id": ""
    },
    {
      "week": 6,
      "home": "AEV",
      "away": "MSR",
      "kickoff": "Sat 16:00",
      "stadium": "Mystic Park",
      "cup_id": ""
    },
    {
      "week": 6,
      "home": "RRT",
      "away": "EFP",
      "kickoff": "Sat 16:00",
      "stadium": "Tidehome",
      "cup_id": ""
    },
    {
      "week": 6,
      "home": "TWT",
      "away": "ICB",
      "kickoff": "Sat 16:00",
      "stadium": "Bramble Gate",
      "cup_id": ""
    },
    {
      "week": 6,
      "home": "HCH",
      "away": "SWT",
      "kickoff": "Sat 16:00",
      "stadium": "Haven Green",
      "cup_id": ""
    },
    {
      "week": 6,
      "home": "BRM",
      "away": "FMN",
      "kickoff": "Sat 16:00",
      "stadium": "Deepwell",
      "cup_id": ""
    },
    {
      "week": 6,
      "home": "GGF",
      "away": "SSP",
      "kickoff": "Sat 16:00",
      "stadium": "Golden Aerie",
      "cup_id": ""
    },
    {
      "week": 6,
      "home": "GHV",
      "away": "UCW",
      "kickoff": "Sat 16:00",
      "stadium": "Chronodome",
      "cup_id": ""
    },
    {
      "week": 6,
      "home": "GRB",
      "away": "EGS",
      "kickoff": "Sat 16:00",
      "stadium": "Bearpit Arena",
      "cup_id": ""
    },
    {
      "week": 6,
      "home": "NCV",
      "away": "DVF",
      "kickoff": "Sat 16:00",
      "stadium": "Umbral Court",
      "cup_id": ""
    },
    {
      "week": 6,
      "home": "SRN",
      "away": "SKC",
      "kickoff": "Sat 16:00",
      "stadium": "Sandsong Field",
      "cup_id": ""
    },
    {
      "week": 7,
      "home": "AEV",
      "away": "EFP",
      "kickoff": "Sat 16:00",
      "stadium": "Mystic Park",
      "cup_id": ""
    },
    {
      "week": 7,
      "home": "MSR",
      "away": "ICB",
      "kickoff": "Sat 16:00",
      "stadium": "Lunarglen",
      "cup_id": ""
    },
    {
      "week": 7,
      "home": "RRT",
      "away": "SWT",
      "kickoff": "Sat 16:00",
      "stadium": "Tidehome",
      "cup_id": ""
    },
    {
      "week": 7,
      "home": "TWT",
      "away": "FMN",
      "kickoff": "Sat 16:00",
      "stadium": "Bramble Gate",
      "cup_id": ""
    },
    {
      "week": 7,
      "home": "HCH",
      "away": "SSP",
      "kickoff": "Sat 16:00",
      "stadium": "Haven Green",
      "cup_id": ""
    },
    {
      "week": 7,
      "home": "BRM",
      "away": "UCW",
      "kickoff": "Sat 16:00",
      "stadium": "Deepwell",
      "cup_id": ""
    },
    {
      "week": 7,
      "home": "GGF",
      "away": "EGS",
      "kickoff": "Sat 16:00",
      "stadium": "Golden Aerie",
      "cup_id": ""
    },
    {
      "week": 7,
      "home": "GHV",
      "away": "DVF",
      "kickoff": "Sat 16:00",
      "stadium": "Chronodome",
      "cup_id": ""
    },
    {
      "week": 7,
      "home": "GRB",
      "away": "SKC",
      "kickoff": "Sat 16:00",
      "stadium": "Bearpit Arena",
      "cup_id": ""
    },
    {
      "week": 7,
      "home": "NCV",
      "away": "SRN",
      "kickoff": "Sat 16:00",
      "stadium": "Umbral Court",
      "cup_id": ""
    },
    {
      "week": 8,
      "home": "AEV",
      "away": "ICB",
      "kickoff": "Sat 16:00",
      "stadium": "Mystic Park",
      "cup_id": ""
    },
    {
      "week": 8,
      "home": "EFP",
      "away": "SWT",
      "kickoff": "Sat 16:00",
      "stadium": "Ashen Rise",
      "cup_id": ""
    },
    {
      "week": 8,
      "home": "MSR",
      "away": "FMN",
      "kickoff": "Sat 16:00",
      "stadium": "Lunarglen",
      "cup_id": ""
    },
    {
      "week": 8,
      "home": "RRT",
      "away": "SSP",
      "kickoff": "Sat 16:00",
      "stadium": "Tidehome",
      "cup_id": ""
    },
    {
      "week": 8,
      "home": "TWT",
      "away": "UCW",
      "kickoff": "Sat 16:00",
      "stadium": "Bramble Gate",
      "cup_id": ""
    },
    {
      "week": 8,
      "home": "HCH",
      "away": "EGS",
      "kickoff": "Sat 16:00",
      "stadium": "Haven Green",
      "cup_id": ""
    },
    {
      "week": 8,
      "home": "BRM",
      "away": "DVF",
      "kickoff": "Sat 16:00",
      "stadium": "Deepwell",
      "cup_id": ""
    },
    {
      "week": 8,
      "home": "GGF",
      "away": "SKC",
      "kickoff": "Sat 16:00",
      "stadium": "Golden Aerie",
      "cup_id": ""
    },
    {
      "week": 8,
      "home": "GHV",
      "away": "SRN",
      "kickoff": "Sat 16:00",
      "stadium": "Chronodome",
      "cup_id": ""
    },
    {
      "week": 8,
      "home": "GRB",
      "away": "NCV",
      "kickoff": "Sat 16:00",
      "stadium": "Bearpit Arena",
      "cup_id": ""
    },
    {
      "week": 9,
      "home": "AEV",
      "away": "SWT",
      "kickoff": "Sat 16:00",
      "stadium": "Mystic Park",
      "cup_id": ""
    },
    {
      "week": 9,
      "home": "ICB",
      "away": "FMN",
      "kickoff": "Sat 16:00",
      "stadium": "Bastion Hold",
      "cup_id": ""
    },
    {
      "week": 9,
      "home": "EFP",
      "away": "SSP",
      "kickoff": "Sat 16:00",
      "stadium": "Ashen Rise",
      "cup_id": ""
    },
    {
      "week": 9,
      "home": "MSR",
      "away": "UCW",
      "kickoff": "Sat 16:00",
      "stadium": "Lunarglen",
      "cup_id": ""
    },
    {
      "week": 9,
      "home": "RRT",
      "away": "EGS",
      "kickoff": "Sat 16:00",
      "stadium": "Tidehome",
      "cup_id": ""
    },
    {
      "week": 9,
      "home": "TWT",
      "away": "DVF",
      "kickoff": "Sat 16:00",
      "stadium": "Bramble Gate",
      "cup_id": ""
    },
    {
      "week": 9,
      "home": "HCH",
      "away": "SKC",
      "kickoff": "Sat 16:00",
      "stadium": "Haven Green",
      "cup_id": ""
    },
    {
      "week": 9,
      "home": "BRM",
      "away": "SRN",
      "kickoff": "Sat 16:00",
      "stadium": "Deepwell",
      "cup_id": ""
    },
    {
      "week": 9,
      "home": "GGF",
      "away": "NCV",
      "kickoff": "Sat 16:00",
      "stadium": "Golden Aerie",
      "cup_id": ""
    },
    {
      "week": 9,
      "home": "GHV",
      "away": "GRB",
      "kickoff": "Sat 16:00",
      "stadium": "Chronodome",
      "cup_id": ""
    },
    {
      "week": 10,
      "home": "AEV",
      "away": "FMN",
      "kickoff": "Sat 16:00",
      "stadium": "Mystic Park",
      "cup_id": ""
    },
    {
      "week": 10,
      "home": "SWT",
      "away": "SSP",
      "kickoff": "Sat 16:00",
      "stadium": "Tempest Grounds",
      "cup_id": ""
    },
    {
      "week": 10,
      "home": "ICB",
      "away": "UCW",
      "kickoff": "Sat 16:00",
      "stadium": "Bastion Hold",
      "cup_id": ""
    },
    {
      "week": 10,
      "home": "EFP",
      "away": "EGS",
      "kickoff": "Sat 16:00",
      "stadium": "Ashen Rise",
      "cup_id": ""
    },
    {
      "week": 10,
      "home": "MSR",
      "away": "DVF",
      "kickoff": "Sat 16:00",
      "stadium": "Lunarglen",
      "cup_id": ""
    },
    {
      "week": 10,
      "home": "RRT",
      "away": "SKC",
      "kickoff": "Sat 16:00",
      "stadium": "Tidehome",
      "cup_id": ""
    },
    {
      "week": 10,
      "home": "TWT",
      "away": "SRN",
      "kickoff": "Sat 16:00",
      "stadium": "Bramble Gate",
      "cup_id": ""
    },
    {
      "week": 10,
      "home": "HCH",
      "away": "NCV",
      "kickoff": "Sat 16:00",
      "stadium": "Haven Green",
      "cup_id": ""
    },
    {
      "week": 10,
      "home": "BRM",
      "away": "GRB",
      "kickoff": "Sat 16:00",
      "stadium": "Deepwell",
      "cup_id": ""
    },
    {
      "week": 10,
      "home": "GGF",
      "away": "GHV",
      "kickoff": "Sat 16:00",
      "stadium": "Golden Aerie",
      "cup_id": ""
    },
    {
      "week": 11,
      "home": "AEV",
      "away": "SSP",
      "kickoff": "Sat 16:00",
      "stadium": "Mystic Park",
      "cup_id": ""
    },
    {
      "week": 11,
      "home": "FMN",
      "away": "UCW",
      "kickoff": "Sat 16:00",
      "stadium": "Iceflow",
      "cup_id": ""
    },
    {
      "week": 11,
      "home": "SWT",
      "away": "EGS",
      "kickoff": "Sat 16:00",
      "stadium": "Tempest Grounds",
      "cup_id": ""
    },
    {
      "week": 11,
      "home": "ICB",
      "away": "DVF",
      "kickoff": "Sat 16:00",
      "stadium": "Bastion Hold",
      "cup_id": ""
    },
    {
      "week": 11,
      "home": "EFP",
      "away": "SKC",
      "kickoff": "Sat 16:00",
      "stadium": "Ashen Rise",
      "cup_id": ""
    },
    {
      "week": 11,
      "home": "MSR",
      "away": "SRN",
      "kickoff": "Sat 16:00",
      "stadium": "Lunarglen",
      "cup_id": ""
    },
    {
      "week": 11,
      "home": "RRT",
      "away": "NCV",
      "kickoff": "Sat 16:00",
      "stadium": "Tidehome",
      "cup_id": ""
    },
    {
      "week": 11,
      "home": "TWT",
      "away": "GRB",
      "kickoff": "Sat 16:00",
      "stadium": "Bramble Gate",
      "cup_id": ""
    },
    {
      "week": 11,
      "home": "HCH",
      "away": "GHV",
      "kickoff": "Sat 16:00",
      "stadium": "Haven Green",
      "cup_id": ""
    },
    {
      "week": 11,
      "home": "BRM",
      "away": "GGF",
      "kickoff": "Sat 16:00",
      "stadium": "Deepwell",
      "cup_id": ""
    },
    {
      "week": 12,
      "home": "AEV",
      "away": "UCW",
      "kickoff": "Sat 16:00",
      "stadium": "Mystic Park",
      "cup_id": ""
    },
    {
      "week": 12,
      "home": "SSP",
      "away": "EGS",
      "kickoff": "Sat 16:00",
      "stadium": "Lumin Dome",
      "cup_id": ""
    },
    {
      "week": 12,
      "home": "FMN",
      "away": "DVF",
      "kickoff": "Sat 16:00",
      "stadium": "Iceflow",
      "cup_id": ""
    },
    {
      "week": 12,
      "home": "SWT",
      "away": "SKC",
      "kickoff": "Sat 16:00",
      "stadium": "Tempest Grounds",
      "cup_id": ""
    },
    {
      "week": 12,
      "home": "ICB",
      "away": "SRN",
      "kickoff": "Sat 16:00",
      "stadium": "Bastion Hold",
      "cup_id": ""
    },
    {
      "week": 12,
      "home": "EFP",
      "away": "NCV",
      "kickoff": "Sat 16:00",
      "stadium": "Ashen Rise",
      "cup_id": ""
    },
    {
      "week": 12,
      "home": "MSR",
      "away": "GRB",
      "kickoff": "Sat 16:00",
      "stadium": "Lunarglen",
      "cup_id": ""
    },
    {
      "week": 12,
      "home": "RRT",
      "away": "GHV",
      "kickoff": "Sat 16:00",
      "stadium": "Tidehome",
      "cup_id": ""
    },
    {
      "week": 12,
      "home": "TWT",
      "away": "GGF",
      "kickoff": "Sat 16:00",
      "stadium": "Bramble Gate",
      "cup_id": ""
    },
    {
      "week": 12,
      "home": "HCH",
      "away": "BRM",
      "kickoff": "Sat 16:00",
      "stadium": "Haven Green",
      "cup_id": ""
    },
    {
      "week": 13,
      "home": "AEV",
      "away": "EGS",
      "kickoff": "Sat 16:00",
      "stadium": "Mystic Park",
      "cup_id": ""
    },
    {
      "week": 13,
      "home": "UCW",
      "away": "DVF",
      "kickoff": "Sat 16:00",
      "stadium": "Nightveil",
      "cup_id": ""
    },
    {
      "week": 13,
      "home": "SSP",
      "away": "SKC",
      "kickoff": "Sat 16:00",
      "stadium": "Lumin Dome",
      "cup_id": ""
    },
    {
      "week": 13,
      "home": "FMN",
      "away": "SRN",
      "kickoff": "Sat 16:00",
      "stadium": "Iceflow",
      "cup_id": ""
    },
    {
      "week": 13,
      "home": "SWT",
      "away": "NCV",
      "kickoff": "Sat 16:00",
      "stadium": "Tempest Grounds",
      "cup_id": ""
    },
    {
      "week": 13,
      "home": "ICB",
      "away": "GRB",
      "kickoff": "Sat 16:00",
      "stadium": "Bastion Hold",
      "cup_id": ""
    },
    {
      "week": 13,
      "home": "EFP",
      "away": "GHV",
      "kickoff": "Sat 16:00",
      "stadium": "Ashen Rise",
      "cup_id": ""
    },
    {
      "week": 13,
      "home": "MSR",
      "away": "GGF",
      "kickoff": "Sat 16:00",
      "stadium": "Lunarglen",
      "cup_id": ""
    },
    {
      "week": 13,
      "home": "RRT",
      "away": "BRM",
      "kickoff": "Sat 16:00",
      "stadium": "Tidehome",
      "cup_id": ""
    },
    {
      "week": 13,
      "home": "TWT",
      "away": "HCH",
      "kickoff": "Sat 16:00",
      "stadium": "Bramble Gate",
      "cup_id": ""
    },
    {
      "week": 14,
      "home": "AEV",
      "away": "DVF",
      "kickoff": "Sat 16:00",
      "stadium": "Mystic Park",
      "cup_id": ""
    },
    {
      "week": 14,
      "home": "EGS",
      "away": "SKC",
      "kickoff": "Sat 16:00",
      "stadium": "Verdant Glade",
      "cup_id": ""
    },
    {
      "week": 14,
      "home": "UCW",
      "away": "SRN",
      "kickoff": "Sat 16:00",
      "stadium": "Nightveil",
      "cup_id": ""
    },
    {
      "week": 14,
      "home": "SSP",
      "away": "NCV",
      "kickoff": "Sat 16:00",
      "stadium": "Lumin Dome",
      "cup_id": ""
    },
    {
      "week": 14,
      "home": "FMN",
      "away": "GRB",
      "kickoff": "Sat 16:00",
      "stadium": "Iceflow",
      "cup_id": ""
    },
    {
      "week": 14,
      "home": "SWT",
      "away": "GHV",
      "kickoff": "Sat 16:00",
      "stadium": "Tempest Grounds",
      "cup_id": ""
    },
    {
      "week": 14,
      "home": "ICB",
      "away": "GGF",
      "kickoff": "Sat 16:00",
      "stadium": "Bastion Hold",
      "cup_id": ""
    },
    {
      "week": 14,
      "home": "EFP",
      "away": "BRM",
      "kickoff": "Sat 16:00",
      "stadium": "Ashen Rise",
      "cup_id": ""
    },
    {
      "week": 14,
      "home": "MSR",
      "away": "HCH",
      "kickoff": "Sat 16:00",
      "stadium": "Lunarglen",
      "cup_id": ""
    },
    {
      "week": 14,
      "home": "RRT",
      "away": "TWT",
      "kickoff": "Sat 16:00",
      "stadium": "Tidehome",
      "cup_id": ""
    },
    {
      "week": 15,
      "home": "AEV",
      "away": "SKC",
      "kickoff": "Sat 16:00",
      "stadium": "Mystic Park",
      "cup_id": ""
    },
    {
      "week": 15,
      "home": "DVF",
      "away": "SRN",
      "kickoff": "Sat 16:00",
      "stadium": "Dragonsteel",
      "cup_id": ""
    },
    {
      "week": 15,
      "home": "EGS",
      "away": "NCV",
      "kickoff": "Sat 16:00",
      "stadium": "Verdant Glade",
      "cup_id": ""
    },
    {
      "week": 15,
      "home": "UCW",
      "away": "GRB",
      "kickoff": "Sat 16:00",
      "stadium": "Nightveil",
      "cup_id": ""
    },
    {
      "week": 15,
      "home": "SSP",
      "away": "GHV",
      "kickoff": "Sat 16:00",
      "stadium": "Lumin Dome",
      "cup_id": ""
    },
    {
      "week": 15,
      "home": "FMN",
      "away": "GGF",
      "kickoff": "Sat 16:00",
      "stadium": "Iceflow",
      "cup_id": ""
    },
    {
      "week": 15,
      "home": "SWT",
      "away": "BRM",
      "kickoff": "Sat 16:00",
      "stadium": "Tempest Grounds",
      "cup_id": ""
    },
    {
      "week": 15,
      "home": "ICB",
      "away": "HCH",
      "kickoff": "Sat 16:00",
      "stadium": "Bastion Hold",
      "cup_id": ""
    },
    {
      "week": 15,
      "home": "EFP",
      "away": "TWT",
      "kickoff": "Sat 16:00",
      "stadium": "Ashen Rise",
      "cup_id": ""
    },
    {
      "week": 15,
      "home": "MSR",
      "away": "RRT",
      "kickoff": "Sat 16:00",
      "stadium": "Lunarglen",
      "cup_id": ""
    },
    {
      "week": 16,
      "home": "AEV",
      "away": "SRN",
      "kickoff": "Sat 16:00",
      "stadium": "Mystic Park",
      "cup_id": ""
    },
    {
      "week": 16,
      "home": "SKC",
      "away": "NCV",
      "kickoff": "Sat 16:00",
      "stadium": "Skydock",
      "cup_id": ""
    },
    {
      "week": 16,
      "home": "DVF",
      "away": "GRB",
      "kickoff": "Sat 16:00",
      "stadium": "Dragonsteel",
      "cup_id": ""
    },
    {
      "week": 16,
      "home": "EGS",
      "away": "GHV",
      "kickoff": "Sat 16:00",
      "stadium": "Verdant Glade",
      "cup_id": ""
    },
    {
      "week": 16,
      "home": "UCW",
      "away": "GGF",
      "kickoff": "Sat 16:00",
      "stadium": "Nightveil",
      "cup_id": ""
    },
    {
      "week": 16,
      "home": "SSP",
      "away": "BRM",
      "kickoff": "Sat 16:00",
      "stadium": "Lumin Dome",
      "cup_id": ""
    },
    {
      "week": 16,
      "home": "FMN",
      "away": "HCH",
      "kickoff": "Sat 16:00",
      "stadium": "Iceflow",
      "cup_id": ""
    },
    {
      "week": 16,
      "home": "SWT",
      "away": "TWT",
      "kickoff": "Sat 16:00",
      "stadium": "Tempest Grounds",
      "cup_id": ""
    },
    {
      "week": 16,
      "home": "ICB",
      "away": "RRT",
      "kickoff": "Sat 16:00",
      "stadium": "Bastion Hold",
      "cup_id": ""
    },
    {
      "week": 16,
      "home": "EFP",
      "away": "MSR",
      "kickoff": "Sat 16:00",
      "stadium": "Ashen Rise",
      "cup_id": ""
    },
    {
      "week": 17,
      "home": "AEV",
      "away": "NCV",
      "kickoff": "Sat 16:00",
      "stadium": "Mystic Park",
      "cup_id": ""
    },
    {
      "week": 17,
      "home": "SRN",
      "away": "GRB",
      "kickoff": "Sat 16:00",
      "stadium": "Sandsong Field",
      "cup_id": ""
    },
    {
      "week": 17,
      "home": "SKC",
      "away": "GHV",
      "kickoff": "Sat 16:00",
      "stadium": "Skydock",
      "cup_id": ""
    },
    {
      "week": 17,
      "home": "DVF",
      "away": "GGF",
      "kickoff": "Sat 16:00",
      "stadium": "Dragonsteel",
      "cup_id": ""
    },
    {
      "week": 17,
      "home": "EGS",
      "away": "BRM",
      "kickoff": "Sat 16:00",
      "stadium": "Verdant Glade",
      "cup_id": ""
    },
    {
      "week": 17,
      "home": "UCW",
      "away": "HCH",
      "kickoff": "Sat 16:00",
      "stadium": "Nightveil",
      "cup_id": ""
    },
    {
      "week": 17,
      "home": "SSP",
      "away": "TWT",
      "kickoff": "Sat 16:00",
      "stadium": "Lumin Dome",
      "cup_id": ""
    },
    {
      "week": 17,
      "home": "FMN",
      "away": "RRT",
      "kickoff": "Sat 16:00",
      "stadium": "Iceflow",
      "cup_id": ""
    },
    {
      "week": 17,
      "home": "SWT",
      "away": "MSR",
      "kickoff": "Sat 16:00",
      "stadium": "Tempest Grounds",
      "cup_id": ""
    },
    {
      "week": 17,
      "home": "ICB",
      "away": "EFP",
      "kickoff": "Sat 16:00",
      "stadium": "Bastion Hold",
      "cup_id": ""
    },
    {
      "week": 18,
      "home": "AEV",
      "away": "GRB",
      "kickoff": "Sat 16:00",
      "stadium": "Mystic Park",
      "cup_id": ""
    },
    {
      "week": 18,
      "home": "NCV",
      "away": "GHV",
      "kickoff": "Sat 16:00",
      "stadium": "Umbral Court",
      "cup_id": ""
    },
    {
      "week": 18,
      "home": "SRN",
      "away": "GGF",
      "kickoff": "Sat 16:00",
      "stadium": "Sandsong Field",
      "cup_id": ""
    },
    {
      "week": 18,
      "home": "SKC",
      "away": "BRM",
      "kickoff": "Sat 16:00",
      "stadium": "Skydock",
      "cup_id": ""
    },
    {
      "week": 18,
      "home": "DVF",
      "away": "HCH",
      "kickoff": "Sat 16:00",
      "stadium": "Dragonsteel",
      "cup_id": ""
    },
    {
      "week": 18,
      "home": "EGS",
      "away": "TWT",
      "kickoff": "Sat 16:00",
      "stadium": "Verdant Glade",
      "cup_id": ""
    },
    {
      "week": 18,
      "home": "UCW",
      "away": "RRT",
      "kickoff": "Sat 16:00",
      "stadium": "Nightveil",
      "cup_id": ""
    },
    {
      "week": 18,
      "home": "SSP",
      "away": "MSR",
      "kickoff": "Sat 16:00",
      "stadium": "Lumin Dome",
      "cup_id": ""
    },
    {
      "week": 18,
      "home": "FMN",
      "away": "EFP",
      "kickoff": "Sat 16:00",
      "stadium": "Iceflow",
      "cup_id": ""
    },
    {
      "week": 18,
      "home": "SWT",
      "away": "ICB",
      "kickoff": "Sat 16:00",
      "stadium": "Tempest Grounds",
      "cup_id": ""
    },
    {
      "week": 19,
      "home": "AEV",
      "away": "GHV",
      "kickoff": "Sat 16:00",
      "stadium": "Mystic Park",
      "cup_id": ""
    },
    {
      "week": 19,
      "home": "GRB",
      "away": "GGF",
      "kickoff": "Sat 16:00",
      "stadium": "Bearpit Arena",
      "cup_id": ""
    },
    {
      "week": 19,
      "home": "NCV",
      "away": "BRM",
      "kickoff": "Sat 16:00",
      "stadium": "Umbral Court",
      "cup_id": ""
    },
    {
      "week": 19,
      "home": "SRN",
      "away": "HCH",
      "kickoff": "Sat 16:00",
      "stadium": "Sandsong Field",
      "cup_id": ""
    },
    {
      "week": 19,
      "home": "SKC",
      "away": "TWT",
      "kickoff": "Sat 16:00",
      "stadium": "Skydock",
      "cup_id": ""
    },
    {
      "week": 19,
      "home": "DVF",
      "away": "RRT",
      "kickoff": "Sat 16:00",
      "stadium": "Dragonsteel",
      "cup_id": ""
    },
    {
      "week": 19,
      "home": "EGS",
      "away": "MSR",
      "kickoff": "Sat 16:00",
      "stadium": "Verdant Glade",
      "cup_id": ""
    },
    {
      "week": 19,
      "home": "UCW",
      "away": "EFP",
      "kickoff": "Sat 16:00",
      "stadium": "Nightveil",
      "cup_id": ""
    },
    {
      "week": 19,
      "home": "SSP",
      "away": "ICB",
      "kickoff": "Sat 16:00",
      "stadium": "Lumin Dome",
      "cup_id": ""
    },
    {
      "week": 19,
      "home": "FMN",
      "away": "SWT",
      "kickoff": "Sat 16:00",
      "stadium": "Iceflow",
      "cup_id": ""
    },
    {
      "week": 20,
      "home": "GGF",
      "away": "AEV",
      "kickoff": "Sat 16:00",
      "stadium": "Golden Aerie",
      "cup_id": ""
    },
    {
      "week": 20,
      "home": "BRM",
      "away": "GHV",
      "kickoff": "Sat 16:00",
      "stadium": "Deepwell",
      "cup_id": ""
    },
    {
      "week": 20,
      "home": "HCH",
      "away": "GRB",
      "kickoff": "Sat 16:00",
      "stadium": "Haven Green",
      "cup_id": ""
    },
    {
      "week": 20,
      "home": "TWT",
      "away": "NCV",
      "kickoff": "Sat 16:00",
      "stadium": "Bramble Gate",
      "cup_id": ""
    },
    {
      "week": 20,
      "home": "RRT",
      "away": "SRN",
      "kickoff": "Sat 16:00",
      "stadium": "Tidehome",
      "cup_id": ""
    },
    {
      "week": 20,
      "home": "MSR",
      "away": "SKC",
      "kickoff": "Sat 16:00",
      "stadium": "Lunarglen",
      "cup_id": ""
    },
    {
      "week": 20,
      "home": "EFP",
      "away": "DVF",
      "kickoff": "Sat 16:00",
      "stadium": "Ashen Rise",
      "cup_id": ""
    },
    {
      "week": 20,
      "home": "ICB",
      "away": "EGS",
      "kickoff": "Sat 16:00",
      "stadium": "Bastion Hold",
      "cup_id": ""
    },
    {
      "week": 20,
      "home": "SWT",
      "away": "UCW",
      "kickoff": "Sat 16:00",
      "stadium": "Tempest Grounds",
      "cup_id": ""
    },
    {
      "week": 20,
      "home": "FMN",
      "away": "SSP",
      "kickoff": "Sat 16:00",
      "stadium": "Iceflow",
      "cup_id": ""
    },
    {
      "week": 21,
      "home": "BRM",
      "away": "AEV",
      "kickoff": "Sat 16:00",
      "stadium": "Deepwell",
      "cup_id": ""
    },
    {
      "week": 21,
      "home": "HCH",
      "away": "GGF",
      "kickoff": "Sat 16:00",
      "stadium": "Haven Green",
      "cup_id": ""
    },
    {
      "week": 21,
      "home": "TWT",
      "away": "GHV",
      "kickoff": "Sat 16:00",
      "stadium": "Bramble Gate",
      "cup_id": ""
    },
    {
      "week": 21,
      "home": "RRT",
      "away": "GRB",
      "kickoff": "Sat 16:00",
      "stadium": "Tidehome",
      "cup_id": ""
    },
    {
      "week": 21,
      "home": "MSR",
      "away": "NCV",
      "kickoff": "Sat 16:00",
      "stadium": "Lunarglen",
      "cup_id": ""
    },
    {
      "week": 21,
      "home": "EFP",
      "away": "SRN",
      "kickoff": "Sat 16:00",
      "stadium": "Ashen Rise",
      "cup_id": ""
    },
    {
      "week": 21,
      "home": "ICB",
      "away": "SKC",
      "kickoff": "Sat 16:00",
      "stadium": "Bastion Hold",
      "cup_id": ""
    },
    {
      "week": 21,
      "home": "SWT",
      "away": "DVF",
      "kickoff": "Sat 16:00",
      "stadium": "Tempest Grounds",
      "cup_id": ""
    },
    {
      "week": 21,
      "home": "FMN",
      "away": "EGS",
      "kickoff": "Sat 16:00",
      "stadium": "Iceflow",
      "cup_id": ""
    },
    {
      "week": 21,
      "home": "SSP",
      "away": "UCW",
      "kickoff": "Sat 16:00",
      "stadium": "Lumin Dome",
      "cup_id": ""
    },
    {
      "week": 22,
      "home": "HCH",
      "away": "AEV",
      "kickoff": "Sat 16:00",
      "stadium": "Haven Green",
      "cup_id": ""
    },
    {
      "week": 22,
      "home": "TWT",
      "away": "BRM",
      "kickoff": "Sat 16:00",
      "stadium": "Bramble Gate",
      "cup_id": ""
    },
    {
      "week": 22,
      "home": "RRT",
      "away": "GGF",
      "kickoff": "Sat 16:00",
      "stadium": "Tidehome",
      "cup_id": ""
    },
    {
      "week": 22,
      "home": "MSR",
      "away": "GHV",
      "kickoff": "Sat 16:00",
      "stadium": "Lunarglen",
      "cup_id": ""
    },
    {
      "week": 22,
      "home": "EFP",
      "away": "GRB",
      "kickoff": "Sat 16:00",
      "stadium": "Ashen Rise",
      "cup_id": ""
    },
    {
      "week": 22,
      "home": "ICB",
      "away": "NCV",
      "kickoff": "Sat 16:00",
      "stadium": "Bastion Hold",
      "cup_id": ""
    },
    {
      "week": 22,
      "home": "SWT",
      "away": "SRN",
      "kickoff": "Sat 16:00",
      "stadium": "Tempest Grounds",
      "cup_id": ""
    },
    {
      "week": 22,
      "home": "FMN",
      "away": "SKC",
      "kickoff": "Sat 16:00",
      "stadium": "Iceflow",
      "cup_id": ""
    },
    {
      "week": 22,
      "home": "SSP",
      "away": "DVF",
      "kickoff": "Sat 16:00",
      "stadium": "Lumin Dome",
      "cup_id": ""
    },
    {
      "week": 22,
      "home": "UCW",
      "away": "EGS",
      "kickoff": "Sat 16:00",
      "stadium": "Nightveil",
      "cup_id": ""
    },
    {
      "week": 23,
      "home": "TWT",
      "away": "AEV",
      "kickoff": "Sat 16:00",
      "stadium": "Bramble Gate",
      "cup_id": ""
    },
    {
      "week": 23,
      "home": "RRT",
      "away": "HCH",
      "kickoff": "Sat 16:00",
      "stadium": "Tidehome",
      "cup_id": ""
    },
    {
      "week": 23,
      "home": "MSR",
      "away": "BRM",
      "kickoff": "Sat 16:00",
      "stadium": "Lunarglen",
      "cup_id": ""
    },
    {
      "week": 23,
      "home": "EFP",
      "away": "GGF",
      "kickoff": "Sat 16:00",
      "stadium": "Ashen Rise",
      "cup_id": ""
    },
    {
      "week": 23,
      "home": "ICB",
      "away": "GHV",
      "kickoff": "Sat 16:00",
      "stadium": "Bastion Hold",
      "cup_id": ""
    },
    {
      "week": 23,
      "home": "SWT",
      "away": "GRB",
      "kickoff": "Sat 16:00",
      "stadium": "Tempest Grounds",
      "cup_id": ""
    },
    {
      "week": 23,
      "home": "FMN",
      "away": "NCV",
      "kickoff": "Sat 16:00",
      "stadium": "Iceflow",
      "cup_id": ""
    },
    {
      "week": 23,
      "home": "SSP",
      "away": "SRN",
      "kickoff": "Sat 16:00",
      "stadium": "Lumin Dome",
      "cup_id": ""
    },
    {
      "week": 23,
      "home": "UCW",
      "away": "SKC",
      "kickoff": "Sat 16:00",
      "stadium": "Nightveil",
      "cup_id": ""
    },
    {
      "week": 23,
      "home": "EGS",
      "away": "DVF",
      "kickoff": "Sat 16:00",
      "stadium": "Verdant Glade",
      "cup_id": ""
    },
    {
      "week": 24,
      "home": "RRT",
      "away": "AEV",
      "kickoff": "Sat 16:00",
      "stadium": "Tidehome",
      "cup_id": ""
    },
    {
      "week": 24,
      "home": "MSR",
      "away": "TWT",
      "kickoff": "Sat 16:00",
      "stadium": "Lunarglen",
      "cup_id": ""
    },
    {
      "week": 24,
      "home": "EFP",
      "away": "HCH",
      "kickoff": "Sat 16:00",
      "stadium": "Ashen Rise",
      "cup_id": ""
    },
    {
      "week": 24,
      "home": "ICB",
      "away": "BRM",
      "kickoff": "Sat 16:00",
      "stadium": "Bastion Hold",
      "cup_id": ""
    },
    {
      "week": 24,
      "home": "SWT",
      "away": "GGF",
      "kickoff": "Sat 16:00",
      "stadium": "Tempest Grounds",
      "cup_id": ""
    },
    {
      "week": 24,
      "home": "FMN",
      "away": "GHV",
      "kickoff": "Sat 16:00",
      "stadium": "Iceflow",
      "cup_id": ""
    },
    {
      "week": 24,
      "home": "SSP",
      "away": "GRB",
      "kickoff": "Sat 16:00",
      "stadium": "Lumin Dome",
      "cup_id": ""
    },
    {
      "week": 24,
      "home": "UCW",
      "away": "NCV",
      "kickoff": "Sat 16:00",
      "stadium": "Nightveil",
      "cup_id": ""
    },
    {
      "week": 24,
      "home": "EGS",
      "away": "SRN",
      "kickoff": "Sat 16:00",
      "stadium": "Verdant Glade",
      "cup_id": ""
    },
    {
      "week": 24,
      "home": "DVF",
      "away": "SKC",
      "kickoff": "Sat 16:00",
      "stadium": "Dragonsteel",
      "cup_id": ""
    },
    {
      "week": 25,
      "home": "MSR",
      "away": "AEV",
      "kickoff": "Sat 16:00",
      "stadium": "Lunarglen",
      "cup_id": ""
    },
    {
      "week": 25,
      "home": "EFP",
      "away": "RRT",
      "kickoff": "Sat 16:00",
      "stadium": "Ashen Rise",
      "cup_id": ""
    },
    {
      "week": 25,
      "home": "ICB",
      "away": "TWT",
      "kickoff": "Sat 16:00",
      "stadium": "Bastion Hold",
      "cup_id": ""
    },
    {
      "week": 25,
      "home": "SWT",
      "away": "HCH",
      "kickoff": "Sat 16:00",
      "stadium": "Tempest Grounds",
      "cup_id": ""
    },
    {
      "week": 25,
      "home": "FMN",
      "away": "BRM",
      "kickoff": "Sat 16:00",
      "stadium": "Iceflow",
      "cup_id": ""
    },
    {
      "week": 25,
      "home": "SSP",
      "away": "GGF",
      "kickoff": "Sat 16:00",
      "stadium": "Lumin Dome",
      "cup_id": ""
    },
    {
      "week": 25,
      "home": "UCW",
      "away": "GHV",
      "kickoff": "Sat 16:00",
      "stadium": "Nightveil",
      "cup_id": ""
    },
    {
      "week": 25,
      "home": "EGS",
      "away": "GRB",
      "kickoff": "Sat 16:00",
      "stadium": "Verdant Glade",
      "cup_id": ""
    },
    {
      "week": 25,
      "home": "DVF",
      "away": "NCV",
      "kickoff": "Sat 16:00",
      "stadium": "Dragonsteel",
      "cup_id": ""
    },
    {
      "week": 25,
      "home": "SKC",
      "away": "SRN",
      "kickoff": "Sat 16:00",
      "stadium": "Skydock",
      "cup_id": ""
    },
    {
      "week": 26,
      "home": "EFP",
      "away": "AEV",
      "kickoff": "Sat 16:00",
      "stadium": "Ashen Rise",
      "cup_id": ""
    },
    {
      "week": 26,
      "home": "ICB",
      "away": "MSR",
      "kickoff": "Sat 16:00",
      "stadium": "Bastion Hold",
      "cup_id": ""
    },
    {
      "week": 26,
      "home": "SWT",
      "away": "RRT",
      "kickoff": "Sat 16:00",
      "stadium": "Tempest Grounds",
      "cup_id": ""
    },
    {
      "week": 26,
      "home": "FMN",
      "away": "TWT",
      "kickoff": "Sat 16:00",
      "stadium": "Iceflow",
      "cup_id": ""
    },
    {
      "week": 26,
      "home": "SSP",
      "away": "HCH",
      "kickoff": "Sat 16:00",
      "stadium": "Lumin Dome",
      "cup_id": ""
    },
    {
      "week": 26,
      "home": "UCW",
      "away": "BRM",
      "kickoff": "Sat 16:00",
      "stadium": "Nightveil",
      "cup_id": ""
    },
    {
      "week": 26,
      "home": "EGS",
      "away": "GGF",
      "kickoff": "Sat 16:00",
      "stadium": "Verdant Glade",
      "cup_id": ""
    },
    {
      "week": 26,
      "home": "DVF",
      "away": "GHV",
      "kickoff": "Sat 16:00",
      "stadium": "Dragonsteel",
      "cup_id": ""
    },
    {
      "week": 26,
      "home": "SKC",
      "away": "GRB",
      "kickoff": "Sat 16:00",
      "stadium": "Skydock",
      "cup_id": ""
    },
    {
      "week": 26,
      "home": "SRN",
      "away": "NCV",
      "kickoff": "Sat 16:00",
      "stadium": "Sandsong Field",
      "cup_id": ""
    },
    {
      "week": 27,
      "home": "ICB",
      "away": "AEV",
      "kickoff": "Sat 16:00",
      "stadium": "Bastion Hold",
      "cup_id": ""
    },
    {
      "week": 27,
      "home": "SWT",
      "away": "EFP",
      "kickoff": "Sat 16:00",
      "stadium": "Tempest Grounds",
      "cup_id": ""
    },
    {
      "week": 27,
      "home": "FMN",
      "away": "MSR",
      "kickoff": "Sat 16:00",
      "stadium": "Iceflow",
      "cup_id": ""
    },
    {
      "week": 27,
      "home": "SSP",
      "away": "RRT",
      "kickoff": "Sat 16:00",
      "stadium": "Lumin Dome",
      "cup_id": ""
    },
    {
      "week": 27,
      "home": "UCW",
      "away": "TWT",
      "kickoff": "Sat 16:00",
      "stadium": "Nightveil",
      "cup_id": ""
    },
    {
      "week": 27,
      "home": "EGS",
      "away": "HCH",
      "kickoff": "Sat 16:00",
      "stadium": "Verdant Glade",
      "cup_id": ""
    },
    {
      "week": 27,
      "home": "DVF",
      "away": "BRM",
      "kickoff": "Sat 16:00",
      "stadium": "Dragonsteel",
      "cup_id": ""
    },
    {
      "week": 27,
      "home": "SKC",
      "away": "GGF",
      "kickoff": "Sat 16:00",
      "stadium": "Skydock",
      "cup_id": ""
    },
    {
      "week": 27,
      "home": "SRN",
      "away": "GHV",
      "kickoff": "Sat 16:00",
      "stadium": "Sandsong Field",
      "cup_id": ""
    },
    {
      "week": 27,
      "home": "NCV",
      "away": "GRB",
      "kickoff": "Sat 16:00",
      "stadium": "Umbral Court",
      "cup_id": ""
    },
    {
      "week": 28,
      "home": "SWT",
      "away": "AEV",
      "kickoff": "Sat 16:00",
      "stadium": "Tempest Grounds",
      "cup_id": ""
    },
    {
      "week": 28,
      "home": "FMN",
      "away": "ICB",
      "kickoff": "Sat 16:00",
      "stadium": "Iceflow",
      "cup_id": ""
    },
    {
      "week": 28,
      "home": "SSP",
      "away": "EFP",
      "kickoff": "Sat 16:00",
      "stadium": "Lumin Dome",
      "cup_id": ""
    },
    {
      "week": 28,
      "home": "UCW",
      "away": "MSR",
      "kickoff": "Sat 16:00",
      "stadium": "Nightveil",
      "cup_id": ""
    },
    {
      "week": 28,
      "home": "EGS",
      "away": "RRT",
      "kickoff": "Sat 16:00",
      "stadium": "Verdant Glade",
      "cup_id": ""
    },
    {
      "week": 28,
      "home": "DVF",
      "away": "TWT",
      "kickoff": "Sat 16:00",
      "stadium": "Dragonsteel",
      "cup_id": ""
    },
    {
      "week": 28,
      "home": "SKC",
      "away": "HCH",
      "kickoff": "Sat 16:00",
      "stadium": "Skydock",
      "cup_id": ""
    },
    {
      "week": 28,
      "home": "SRN",
      "away": "BRM",
      "kickoff": "Sat 16:00",
      "stadium": "Sandsong Field",
      "cup_id": ""
    },
    {
      "week": 28,
      "home": "NCV",
      "away": "GGF",
      "kickoff": "Sat 16:00",
      "stadium": "Umbral Court",
      "cup_id": ""
    },
    {
      "week": 28,
      "home": "GRB",
      "away": "GHV",
      "kickoff": "Sat 16:00",
      "stadium": "Bearpit Arena",
      "cup_id": ""
    },
    {
      "week": 29,
      "home": "FMN",
      "away": "AEV",
      "kickoff": "Sat 16:00",
      "stadium": "Iceflow",
      "cup_id": ""
    },
    {
      "week": 29,
      "home": "SSP",
      "away": "SWT",
      "kickoff": "Sat 16:00",
      "stadium": "Lumin Dome",
      "cup_id": ""
    },
    {
      "week": 29,
      "home": "UCW",
      "away": "ICB",
      "kickoff": "Sat 16:00",
      "stadium": "Nightveil",
      "cup_id": ""
    },
    {
      "week": 29,
      "home": "EGS",
      "away": "EFP",
      "kickoff": "Sat 16:00",
      "stadium": "Verdant Glade",
      "cup_id": ""
    },
    {
      "week": 29,
      "home": "DVF",
      "away": "MSR",
      "kickoff": "Sat 16:00",
      "stadium": "Dragonsteel",
      "cup_id": ""
    },
    {
      "week": 29,
      "home": "SKC",
      "away": "RRT",
      "kickoff": "Sat 16:00",
      "stadium": "Skydock",
      "cup_id": ""
    },
    {
      "week": 29,
      "home": "SRN",
      "away": "TWT",
      "kickoff": "Sat 16:00",
      "stadium": "Sandsong Field",
      "cup_id": ""
    },
    {
      "week": 29,
      "home": "NCV",
      "away": "HCH",
      "kickoff": "Sat 16:00",
      "stadium": "Umbral Court",
      "cup_id": ""
    },
    {
      "week": 29,
      "home": "GRB",
      "away": "BRM",
      "kickoff": "Sat 16:00",
      "stadium": "Bearpit Arena",
      "cup_id": ""
    },
    {
      "week": 29,
      "home": "GHV",
      "away": "GGF",
      "kickoff": "Sat 16:00",
      "stadium": "Chronodome",
      "cup_id": ""
    },
    {
      "week": 30,
      "home": "SSP",
      "away": "AEV",
      "kickoff": "Sat 16:00",
      "stadium": "Lumin Dome",
      "cup_id": ""
    },
    {
      "week": 30,
      "home": "UCW",
      "away": "FMN",
      "kickoff": "Sat 16:00",
      "stadium": "Nightveil",
      "cup_id": ""
    },
    {
      "week": 30,
      "home": "EGS",
      "away": "SWT",
      "kickoff": "Sat 16:00",
      "stadium": "Verdant Glade",
      "cup_id": ""
    },
    {
      "week": 30,
      "home": "DVF",
      "away": "ICB",
      "kickoff": "Sat 16:00",
      "stadium": "Dragonsteel",
      "cup_id": ""
    },
    {
      "week": 30,
      "home": "SKC",
      "away": "EFP",
      "kickoff": "Sat 16:00",
      "stadium": "Skydock",
      "cup_id": ""
    },
    {
      "week": 30,
      "home": "SRN",
      "away": "MSR",
      "kickoff": "Sat 16:00",
      "stadium": "Sandsong Field",
      "cup_id": ""
    },
    {
      "week": 30,
      "home": "NCV",
      "away": "RRT",
      "kickoff": "Sat 16:00",
      "stadium": "Umbral Court",
      "cup_id": ""
    },
    {
      "week": 30,
      "home": "GRB",
      "away": "TWT",
      "kickoff": "Sat 16:00",
      "stadium": "Bearpit Arena",
      "cup_id": ""
    },
    {
      "week": 30,
      "home": "GHV",
      "away": "HCH",
      "kickoff": "Sat 16:00",
      "stadium": "Chronodome",
      "cup_id": ""
    },
    {
      "week": 30,
      "home": "GGF",
      "away": "BRM",
      "kickoff": "Sat 16:00",
      "stadium": "Golden Aerie",
      "cup_id": ""
    },
    {
      "week": 31,
      "home": "UCW",
      "away": "AEV",
      "kickoff": "Sat 16:00",
      "stadium": "Nightveil",
      "cup_id": ""
    },
    {
      "week": 31,
      "home": "EGS",
      "away": "SSP",
      "kickoff": "Sat 16:00",
      "stadium": "Verdant Glade",
      "cup_id": ""
    },
    {
      "week": 31,
      "home": "DVF",
      "away": "FMN",
      "kickoff": "Sat 16:00",
      "stadium": "Dragonsteel",
      "cup_id": ""
    },
    {
      "week": 31,
      "home": "SKC",
      "away": "SWT",
      "kickoff": "Sat 16:00",
      "stadium": "Skydock",
      "cup_id": ""
    },
    {
      "week": 31,
      "home": "SRN",
      "away": "ICB",
      "kickoff": "Sat 16:00",
      "stadium": "Sandsong Field",
      "cup_id": ""
    },
    {
      "week": 31,
      "home": "NCV",
      "away": "EFP",
      "kickoff": "Sat 16:00",
      "stadium": "Umbral Court",
      "cup_id": ""
    },
    {
      "week": 31,
      "home": "GRB",
      "away": "MSR",
      "kickoff": "Sat 16:00",
      "stadium": "Bearpit Arena",
      "cup_id": ""
    },
    {
      "week": 31,
      "home": "GHV",
      "away": "RRT",
      "kickoff": "Sat 16:00",
      "stadium": "Chronodome",
      "cup_id": ""
    },
    {
      "week": 31,
      "home": "GGF",
      "away": "TWT",
      "kickoff": "Sat 16:00",
      "stadium": "Golden Aerie",
      "cup_id": ""
    },
    {
      "week": 31,
      "home": "BRM",
      "away": "HCH",
      "kickoff": "Sat 16:00",
      "stadium": "Deepwell",
      "cup_id": ""
    },
    {
      "week": 32,
      "home": "EGS",
      "away": "AEV",
      "kickoff": "Sat 16:00",
      "stadium": "Verdant Glade",
      "cup_id": ""
    },
    {
      "week": 32,
      "home": "DVF",
      "away": "UCW",
      "kickoff": "Sat 16:00",
      "stadium": "Dragonsteel",
      "cup_id": ""
    },
    {
      "week": 32,
      "home": "SKC",
      "away": "SSP",
      "kickoff": "Sat 16:00",
      "stadium": "Skydock",
      "cup_id": ""
    },
    {
      "week": 32,
      "home": "SRN",
      "away": "FMN",
      "kickoff": "Sat 16:00",
      "stadium": "Sandsong Field",
      "cup_id": ""
    },
    {
      "week": 32,
      "home": "NCV",
      "away": "SWT",
      "kickoff": "Sat 16:00",
      "stadium": "Umbral Court",
      "cup_id": ""
    },
    {
      "week": 32,
      "home": "GRB",
      "away": "ICB",
      "kickoff": "Sat 16:00",
      "stadium": "Bearpit Arena",
      "cup_id": ""
    },
    {
      "week": 32,
      "home": "GHV",
      "away": "EFP",
      "kickoff": "Sat 16:00",
      "stadium": "Chronodome",
      "cup_id": ""
    },
    {
      "week": 32,
      "home": "GGF",
      "away": "MSR",
      "kickoff": "Sat 16:00",
      "stadium": "Golden Aerie",
      "cup_id": ""
    },
    {
      "week": 32,
      "home": "BRM",
      "away": "RRT",
      "kickoff": "Sat 16:00",
      "stadium": "Deepwell",
      "cup_id": ""
    },
    {
      "week": 32,
      "home": "HCH",
      "away": "TWT",
      "kickoff": "Sat 16:00",
      "stadium": "Haven Green",
      "cup_id": ""
    },
    {
      "week": 33,
      "home": "DVF",
      "away": "AEV",
      "kickoff": "Sat 16:00",
      "stadium": "Dragonsteel",
      "cup_id": ""
    },
    {
      "week": 33,
      "home": "SKC",
      "away": "EGS",
      "kickoff": "Sat 16:00",
      "stadium": "Skydock",
      "cup_id": ""
    },
    {
      "week": 33,
      "home": "SRN",
      "away": "UCW",
      "kickoff": "Sat 16:00",
      "stadium": "Sandsong Field",
      "cup_id": ""
    },
    {
      "week": 33,
      "home": "NCV",
      "away": "SSP",
      "kickoff": "Sat 16:00",
      "stadium": "Umbral Court",
      "cup_id": ""
    },
    {
      "week": 33,
      "home": "GRB",
      "away": "FMN",
      "kickoff": "Sat 16:00",
      "stadium": "Bearpit Arena",
      "cup_id": ""
    },
    {
      "week": 33,
      "home": "GHV",
      "away": "SWT",
      "kickoff": "Sat 16:00",
      "stadium": "Chronodome",
      "cup_id": ""
    },
    {
      "week": 33,
      "home": "GGF",
      "away": "ICB",
      "kickoff": "Sat 16:00",
      "stadium": "Golden Aerie",
      "cup_id": ""
    },
    {
      "week": 33,
      "home": "BRM",
      "away": "EFP",
      "kickoff": "Sat 16:00",
      "stadium": "Deepwell",
      "cup_id": ""
    },
    {
      "week": 33,
      "home": "HCH",
      "away": "MSR",
      "kickoff": "Sat 16:00",
      "stadium": "Haven Green",
      "cup_id": ""
    },
    {
      "week": 33,
      "home": "TWT",
      "away": "RRT",
      "kickoff": "Sat 16:00",
      "stadium": "Bramble Gate",
      "cup_id": ""
    },
    {
      "week": 34,
      "home": "SKC",
      "away": "AEV",
      "kickoff": "Sat 16:00",
      "stadium": "Skydock",
      "cup_id": ""
    },
    {
      "week": 34,
      "home": "SRN",
      "away": "DVF",
      "kickoff": "Sat 16:00",
      "stadium": "Sandsong Field",
      "cup_id": ""
    },
    {
      "week": 34,
      "home": "NCV",
      "away": "EGS",
      "kickoff": "Sat 16:00",
      "stadium": "Umbral Court",
      "cup_id": ""
    },
    {
      "week": 34,
      "home": "GRB",
      "away": "UCW",
      "kickoff": "Sat 16:00",
      "stadium": "Bearpit Arena",
      "cup_id": ""
    },
    {
      "week": 34,
      "home": "GHV",
      "away": "SSP",
      "kickoff": "Sat 16:00",
      "stadium": "Chronodome",
      "cup_id": ""
    },
    {
      "week": 34,
      "home": "GGF",
      "away": "FMN",
      "kickoff": "Sat 16:00",
      "stadium": "Golden Aerie",
      "cup_id": ""
    },
    {
      "week": 34,
      "home": "BRM",
      "away": "SWT",
      "kickoff": "Sat 16:00",
      "stadium": "Deepwell",
      "cup_id": ""
    },
    {
      "week": 34,
      "home": "HCH",
      "away": "ICB",
      "kickoff": "Sat 16:00",
      "stadium": "Haven Green",
      "cup_id": ""
    },
    {
      "week": 34,
      "home": "TWT",
      "away": "EFP",
      "kickoff": "Sat 16:00",
      "stadium": "Bramble Gate",
      "cup_id": ""
    },
    {
      "week": 34,
      "home": "RRT",
      "away": "MSR",
      "kickoff": "Sat 16:00",
      "stadium": "Tidehome",
      "cup_id": ""
    },
    {
      "week": 35,
      "home": "SRN",
      "away": "AEV",
      "kickoff": "Sat 16:00",
      "stadium": "Sandsong Field",
      "cup_id": ""
    },
    {
      "week": 35,
      "home": "NCV",
      "away": "SKC",
      "kickoff": "Sat 16:00",
      "stadium": "Umbral Court",
      "cup_id": ""
    },
    {
      "week": 35,
      "home": "GRB",
      "away": "DVF",
      "kickoff": "Sat 16:00",
      "stadium": "Bearpit Arena",
      "cup_id": ""
    },
    {
      "week": 35,
      "home": "GHV",
      "away": "EGS",
      "kickoff": "Sat 16:00",
      "stadium": "Chronodome",
      "cup_id": ""
    },
    {
      "week": 35,
      "home": "GGF",
      "away": "UCW",
      "kickoff": "Sat 16:00",
      "stadium": "Golden Aerie",
      "cup_id": ""
    },
    {
      "week": 35,
      "home": "BRM",
      "away": "SSP",
      "kickoff": "Sat 16:00",
      "stadium": "Deepwell",
      "cup_id": ""
    },
    {
      "week": 35,
      "home": "HCH",
      "away": "FMN",
      "kickoff": "Sat 16:00",
      "stadium": "Haven Green",
      "cup_id": ""
    },
    {
      "week": 35,
      "home": "TWT",
      "away": "SWT",
      "kickoff": "Sat 16:00",
      "stadium": "Bramble Gate",
      "cup_id": ""
    },
    {
      "week": 35,
      "home": "RRT",
      "away": "ICB",
      "kickoff": "Sat 16:00",
      "stadium": "Tidehome",
      "cup_id": ""
    },
    {
      "week": 35,
      "home": "MSR",
      "away": "EFP",
      "kickoff": "Sat 16:00",
      "stadium": "Lunarglen",
      "cup_id": ""
    },
    {
      "week": 36,
      "home": "NCV",
      "away": "AEV",
      "kickoff": "Sat 16:00",
      "stadium": "Umbral Court",
      "cup_id": ""
    },
    {
      "week": 36,
      "home": "GRB",
      "away": "SRN",
      "kickoff": "Sat 16:00",
      "stadium": "Bearpit Arena",
      "cup_id": ""
    },
    {
      "week": 36,
      "home": "GHV",
      "away": "SKC",
      "kickoff": "Sat 16:00",
      "stadium": "Chronodome",
      "cup_id": ""
    },
    {
      "week": 36,
      "home": "GGF",
      "away": "DVF",
      "kickoff": "Sat 16:00",
      "stadium": "Golden Aerie",
      "cup_id": ""
    },
    {
      "week": 36,
      "home": "BRM",
      "away": "EGS",
      "kickoff": "Sat 16:00",
      "stadium": "Deepwell",
      "cup_id": ""
    },
    {
      "week": 36,
      "home": "HCH",
      "away": "UCW",
      "kickoff": "Sat 16:00",
      "stadium": "Haven Green",
      "cup_id": ""
    },
    {
      "week": 36,
      "home": "TWT",
      "away": "SSP",
      "kickoff": "Sat 16:00",
      "stadium": "Bramble Gate",
      "cup_id": ""
    },
    {
      "week": 36,
      "home": "RRT",
      "away": "FMN",
      "kickoff": "Sat 16:00",
      "stadium": "Tidehome",
      "cup_id": ""
    },
    {
      "week": 36,
      "home": "MSR",
      "away": "SWT",
      "kickoff": "Sat 16:00",
      "stadium": "Lunarglen",
      "cup_id": ""
    },
    {
      "week": 36,
      "home": "EFP",
      "away": "ICB",
      "kickoff": "Sat 16:00",
      "stadium": "Ashen Rise",
      "cup_id": ""
    },
    {
      "week": 37,
      "home": "GRB",
      "away": "AEV",
      "kickoff": "Sat 16:00",
      "stadium": "Bearpit Arena",
      "cup_id": ""
    },
    {
      "week": 37,
      "home": "GHV",
      "away": "NCV",
      "kickoff": "Sat 16:00",
      "stadium": "Chronodome",
      "cup_id": ""
    },
    {
      "week": 37,
      "home": "GGF",
      "away": "SRN",
      "kickoff": "Sat 16:00",
      "stadium": "Golden Aerie",
      "cup_id": ""
    },
    {
      "week": 37,
      "home": "BRM",
      "away": "SKC",
      "kickoff": "Sat 16:00",
      "stadium": "Deepwell",
      "cup_id": ""
    },
    {
      "week": 37,
      "home": "HCH",
      "away": "DVF",
      "kickoff": "Sat 16:00",
      "stadium": "Haven Green",
      "cup_id": ""
    },
    {
      "week": 37,
      "home": "TWT",
      "away": "EGS",
      "kickoff": "Sat 16:00",
      "stadium": "Bramble Gate",
      "cup_id": ""
    },
    {
      "week": 37,
      "home": "RRT",
      "away": "UCW",
      "kickoff": "Sat 16:00",
      "stadium": "Tidehome",
      "cup_id": ""
    },
    {
      "week": 37,
      "home": "MSR",
      "away": "SSP",
      "kickoff": "Sat 16:00",
      "stadium": "Lunarglen",
      "cup_id": ""
    },
    {
      "week": 37,
      "home": "EFP",
      "away": "FMN",
      "kickoff": "Sat 16:00",
      "stadium": "Ashen Rise",
      "cup_id": ""
    },
    {
      "week": 37,
      "home": "ICB",
      "away": "SWT",
      "kickoff": "Sat 16:00",
      "stadium": "Bastion Hold",
      "cup_id": ""
    },
    {
      "week": 38,
      "home": "GHV",
      "away": "AEV",
      "kickoff": "Sat 16:00",
      "stadium": "Chronodome",
      "cup_id": ""
    },
    {
      "week": 38,
      "home": "GGF",
      "away": "GRB",
      "kickoff": "Sat 16:00",
      "stadium": "Golden Aerie",
      "cup_id": ""
    },
    {
      "week": 38,
      "home": "BRM",
      "away": "NCV",
      "kickoff": "Sat 16:00",
      "stadium": "Deepwell",
      "cup_id": ""
    },
    {
      "week": 38,
      "home": "HCH",
      "away": "SRN",
      "kickoff": "Sat 16:00",
      "stadium": "Haven Green",
      "cup_id": ""
    },
    {
      "week": 38,
      "home": "TWT",
      "away": "SKC",
      "kickoff": "Sat 16:00",
      "stadium": "Bramble Gate",
      "cup_id": ""
    },
    {
      "week": 38,
      "home": "RRT",
      "away": "DVF",
      "kickoff": "Sat 16:00",
      "stadium": "Tidehome",
      "cup_id": ""
    },
    {
      "week": 38,
      "home": "MSR",
      "away": "EGS",
      "kickoff": "Sat 16:00",
      "stadium": "Lunarglen",
      "cup_id": ""
    },
    {
      "week": 38,
      "home": "EFP",
      "away": "UCW",
      "kickoff": "Sat 16:00",
      "stadium": "Ashen Rise",
      "cup_id": ""
    },
    {
      "week": 38,
      "home": "ICB",
      "away": "SSP",
      "kickoff": "Sat 16:00",
      "stadium": "Bastion Hold",
      "cup_id": ""
    },
    {
      "week": 38,
      "home": "SWT",
      "away": "FMN",
      "kickoff": "Sat 16:00",
      "stadium": "Tempest Grounds",
      "cup_id": ""
    }
  ],
  "suspensions": {},
  "injuries": {},
  "news": []
}