club_id,player_id,name,pos,ovr,age,wage_ac,contract_mo,rarity
AEV,AEV-GK01,Gideon Stone,GK,60,26,725,20,Common
AEV,AEV-GK02,Kael Lux,GK,62,31,856,7,Common
AEV,AEV-DF01,Brann Ash,DF,60,24,879,32,Common
AEV,AEV-DF02,Torr Gear,DF,60,23,816,27,Common
AEV,AEV-DF03,Brann Night,DF,70,21,1847,30,Common
AEV,AEV-DF04,Nyx Gear,DF,68,19,1795,40,Common
AEV,AEV-DF05,Drax Stone,DF,69,29,1975,18,Rare
AEV,AEV-MF01,Elyra Lux,MF,67,27,1480,20,Rare
AEV,AEV-MF02,Nyra Gear,MF,74,29,2363,29,Common
AEV,AEV-MF03,Rook Gear,MF,62,23,1113,21,Common
AEV,AEV-MF04,Nyra Gear,MF,67,28,1468,20,Rare
AEV,AEV-MF05,Prax Gear,MF,72,26,2073,19,Epic
AEV,AEV-FW01,Grim Lux,FW,70,24,2055,31,Rare
AEV,AEV-FW02,Orren Storm,FW,64,26,1151,21,Rare
AEV,AEV-FW03,Grim Gear,FW,73,30,2345,20,Legend
AEV,AEV-FW04,Tala Ash,FW,75,20,2424,13,Common
GHV,GHV-GK01,Tarin Night,GK,73,20,2357,30,Common
GHV,GHV-GK02,Ilya Ash,GK,68,18,1618,40,Rare
GHV,GHV-DF01,Nyx Lux,DF,70,21,1950,33,Common
GHV,GHV-DF02,Rurik Lux,DF,68,34,1651,38,Epic
GHV,GHV-DF03,Nyx Lux,DF,69,34,1781,15,Common
GHV,GHV-DF04,Brann Ash,DF,76,18,2685,37,Common
GHV,GHV-DF05,Orr Night,DF,69,25,1709,21,Rare
GHV,GHV-MF01,Elyra Stone,MF,75,20,2672,14,Common
GHV,GHV-MF02,Nyra Ash,MF,65,26,1470,44,Common
GHV,GHV-MF03,Lume Ash,MF,66,27,1524,48,Common
GHV,GHV-MF04,Nyra Ash,MF,74,21,2406,20,Common
GHV,GHV-MF05,Elyra Ash,MF,67,25,1443,10,Rare
GHV,GHV-FW01,Gorn Vale,FW,62,19,1009,10,Common
GHV,GHV-FW02,Puck Lux,FW,75,24,2676,14,Rare
GHV,GHV-FW03,Grim Ash,FW,75,25,2642,32,Common
GHV,GHV-FW04,Gorn Lux,FW,73,29,2376,32,Common
GRB,GRB-GK01,Gideon Stone,GK,63,19,1166,27,Rare
GRB,GRB-GK02,Kael Vale,GK,66,24,1594,34,Common
GRB,GRB-DF01,Brann Gear,DF,74,25,2318,34,Rare
GRB,GRB-DF02,Nyx Ash,DF,63,19,1236,6,Epic
GRB,GRB-DF03,Nyx Night,DF,67,23,1648,37,Common
GRB,GRB-DF04,Nyx Storm,DF,61,23,914,6,Epic
GRB,GRB-DF05,Orr Night,DF,74,27,2496,41,Common
GRB,GRB-MF01,Nyra Vale,MF,66,27,1431,9,Common
GRB,GRB-MF02,Vex Stone,MF,70,19,1825,43,Common
GRB,GRB-MF03,Prax Ash,MF,65,19,1460,11,Rare
GRB,GRB-MF04,Elyra Ash,MF,62,25,1046,13,Epic
GRB,GRB-MF05,Vex Vale,MF,61,20,934,48,Common
GRB,GRB-FW01,Grim Gear,FW,68,24,1720,21,Common
GRB,GRB-FW02,Tala Lux,FW,69,32,1841,10,Common
GRB,GRB-FW03,Grim Ash,FW,63,20,1235,19,Common
GRB,GRB-FW04,Tala Gear,FW,62,25,1029,24,Common
NCV,NCV-GK01,K-12 Lux,GK,69,34,1684,48,Rare
NCV,NCV-GK02,Braska Lux,GK,63,22,1095,13,Rare
NCV,NCV-DF01,Shade Ash,DF,64,26,1224,44,Common
NCV,NCV-DF02,Orr Vale,DF,68,34,1810,22,Epic
NCV,NCV-DF03,Nyx Stone,DF,62,31,981,8,Common
NCV,NCV-DF04,Nyx Vale,DF,68,23,1786,41,Rare
NCV,NCV-DF05,Torr Stone,DF,63,20,1036,40,Common
NCV,NCV-MF01,Fenn Ash,MF,64,31,1145,8,Common
NCV,NCV-MF02,Prax Night,MF,61,29,827,21,Common
NCV,NCV-MF03,Fenn Night,MF,73,22,2281,16,Epic
NCV,NCV-MF04,Prax Vale,MF,73,18,2251,27,Rare
NCV,NCV-MF05,Nyra Night,MF,67,26,1521,12,Common
NCV,NCV-FW01,Gorn Night,FW,75,25,2502,35,Common
NCV,NCV-FW02,Flint Night,FW,67,25,1452,48,Common
NCV,NCV-FW03,Puck Gear,FW,62,26,1019,47,Common
NCV,NCV-FW04,Orren Night,FW,70,18,1859,22,Common
SRN,SRN-GK01,Braska Stone,GK,63,31,1136,26,Common
SRN,SRN-GK02,K-12 Stone,GK,72,24,2170,8,Rare
SRN,SRN-DF01,Rurik Ash,DF,66,29,1540,10,Epic
SRN,SRN-DF02,Orr Ash,DF,70,21,1953,38,Common
SRN,SRN-DF03,Drax Gear,DF,72,27,2323,14,Common
SRN,SRN-DF04,Shade Storm,DF,65,27,1407,41,Rare
SRN,SRN-DF05,Orr Gear,DF,66,31,1616,44,Common
SRN,SRN-MF01,Nyra Storm,MF,74,24,2541,36,Rare
SRN,SRN-MF02,Prax Lux,MF,65,20,1345,38,Common
SRN,SRN-MF03,Vex Gear,MF,62,25,998,20,Rare
SRN,SRN-MF04,Lume Stone,MF,61,25,963,45,Rare
SRN,SRN-MF05,Elyra Storm,MF,73,24,2356,37,Common
SRN,SRN-FW01,Tala Lux,FW,60,21,817,20,Common
SRN,SRN-FW02,Orren Ash,FW,74,19,2565,21,Epic
SRN,SRN-FW03,Gorn Storm,FW,64,32,1351,41,Common
SRN,SRN-FW04,Flint Storm,FW,76,31,2800,34,Rare
SKC,SKC-GK01,Gideon Night,GK,75,32,2532,21,Rare
SKC,SKC-GK02,Braska Night,GK,76,33,2642,23,Common
SKC,SKC-DF01,Shade Gear,DF,67,26,1611,26,Rare
SKC,SKC-DF02,Rurik Vale,DF,64,25,1276,15,Rare
SKC,SKC-DF03,Rurik Storm,DF,73,28,2437,35,Common
SKC,SKC-DF04,Brann Night,DF,73,30,2459,7,Rare
SKC,SKC-DF05,Nyx Ash,DF,72,33,2043,28,Common
SKC,SKC-MF01,Nyra Night,MF,73,25,2409,20,Common
SKC,SKC-MF02,Nyra Stone,MF,72,28,2247,16,Rare
SKC,SKC-MF03,Lume Ash,MF,60,30,888,48,Common
SKC,SKC-MF04,Rook Storm,MF,64,32,1173,9,Common
SKC,SKC-MF05,Fenn Vale,MF,74,28,2452,30,Common
SKC,SKC-FW01,Flint Storm,FW,68,20,1800,7,Rare
SKC,SKC-FW02,Gorn Gear,FW,67,20,1460,7,Epic
SKC,SKC-FW03,Tala Night,FW,60,22,722,14,Common
SKC,SKC-FW04,Gorn Ash,FW,66,32,1451,29,Common
DVF,DVF-GK01,K-12 Lux,GK,63,23,1119,12,Common
DVF,DVF-GK02,Braska Ash,GK,72,30,2141,10,Common
DVF,DVF-DF01,Nyx Lux,DF,67,21,1594,44,Rare
DVF,DVF-DF02,Nyx Ash,DF,61,29,992,33,Common
DVF,DVF-DF03,Rurik Ash,DF,70,18,2015,37,Common
DVF,DVF-DF04,Orr Lux,DF,74,22,2502,17,Rare
DVF,DVF-DF05,Shade Gear,DF,75,32,2623,43,Common
DVF,DVF-MF01,Prax Vale,MF,62,26,1070,21,Rare
DVF,DVF-MF02,Vex Ash,MF,72,28,2054,37,Rare
DVF,DVF-MF03,Lume Storm,MF,66,29,1452,27,Common
DVF,DVF-MF04,Vex Lux,MF,68,18,1824,18,Common
DVF,DVF-MF05,Rook Storm,MF,75,25,2643,47,Rare
DVF,DVF-FW01,Zeph Night,FW,60,20,750,20,Common
DVF,DVF-FW02,Tala Gear,FW,71,33,2203,39,Common
DVF,DVF-FW03,Orren Ash,FW,70,29,2032,23,Common
DVF,DVF-FW04,Tala Stone,FW,66,28,1381,40,Epic
EGS,EGS-GK01,Gideon Vale,GK,66,24,1567,23,Rare
EGS,EGS-GK02,K-12 Ash,GK,69,21,1779,24,Common
EGS,EGS-DF01,Brann Gear,DF,60,22,740,8,Epic
EGS,EGS-DF02,Torr Gear,DF,64,33,1132,6,Common
EGS,EGS-DF03,Drax Storm,DF,74,28,2374,9,Common
EGS,EGS-DF04,Nyx Storm,DF,63,20,1165,37,Common
EGS,EGS-DF05,Shade Lux,DF,61,22,796,42,Epic
EGS,EGS-MF01,Elyra Vale,MF,63,31,1075,39,Common
EGS,EGS-MF02,Nyra Gear,MF,73,27,2451,45,Common
EGS,EGS-MF03,Rook Stone,MF,66,24,1455,48,Common
EGS,EGS-MF04,Lume Vale,MF,62,23,841,32,Common
EGS,EGS-MF05,Vex Storm,MF,69,19,1798,24,Rare
EGS,EGS-FW01,Orren Night,FW,74,20,2399,22,Rare
EGS,EGS-FW02,Orren Ash,FW,66,31,1378,40,Common
EGS,EGS-FW03,Tala Gear,FW,64,20,1110,16,Rare
EGS,EGS-FW04,Grim Lux,FW,69,32,1743,35,Common
UCW,UCW-GK01,Gideon Storm,GK,68,34,1836,37,Common
UCW,UCW-GK02,K-12 Stone,GK,73,28,2288,7,Common
UCW,UCW-DF01,Shade Night,DF,60,26,895,8,Rare
UCW,UCW-DF02,Brann Storm,DF,76,32,2662,17,Legend
UCW,UCW-DF03,Drax Lux,DF,75,20,2640,28,Common
UCW,UCW-DF04,Orr Lux,DF,63,23,1128,32,Common
UCW,UCW-DF05,Orr Lux,DF,72,19,2272,11,Common
UCW,UCW-MF01,Fenn Stone,MF,72,34,2040,48,Rare
UCW,UCW-MF02,Nyra Storm,MF,61,24,985,29,Common
UCW,UCW-MF03,Nyra Lux,MF,74,19,2384,23,Common
UCW,UCW-MF04,Fenn Storm,MF,75,21,2414,46,Common
UCW,UCW-MF05,Lume Lux,MF,65,27,1482,6,Common
UCW,UCW-FW01,Gorn Vale,FW,63,32,1020,47,Rare
UCW,UCW-FW02,Zeph Lux,FW,69,34,1819,32,Rare
UCW,UCW-FW03,Zeph Vale,FW,74,22,2476,18,Epic
UCW,UCW-FW04,Grim Lux,FW,64,20,1221,32,Common
SSP,SSP-GK01,K-12 Gear,GK,60,27,752,43,Common
SSP,SSP-GK02,Gideon Storm,GK,64,32,1355,36,Common
SSP,SSP-DF01,Torr Night,DF,72,32,2204,18,Epic
SSP,SSP-DF02,Brann Ash,DF,72,25,2250,8,Common
SSP,SSP-DF03,Drax Lux,DF,72,30,2117,37,Epic
SSP,SSP-DF04,Brann Ash,DF,70,21,2025,12,Common
SSP,SSP-DF05,Drax Stone,DF,64,31,1159,10,Common
SSP,SSP-MF01,Fenn Gear,MF,72,20,2208,40,Common
SSP,SSP-MF02,Fenn Lux,MF,75,19,2435,21,Common
SSP,SSP-MF03,Fenn Vale,MF,62,31,890,46,Rare
SSP,SSP-MF04,Elyra Storm,MF,65,27,1214,8,Common
SSP,SSP-MF05,Elyra Gear,MF,71,29,2140,15,Common
SSP,SSP-FW01,Zeph Ash,FW,65,23,1289,11,Common
SSP,SSP-FW02,Zeph Ash,FW,67,33,1738,15,Common
SSP,SSP-FW03,Orren Gear,FW,74,26,2284,35,Epic
SSP,SSP-FW04,Orren Ash,FW,65,20,1426,28,Epic
FMN,FMN-GK01,Braska Lux,GK,73,26,2393,25,Common
FMN,FMN-GK02,Ilya Night,GK,75,21,2521,30,Common
FMN,FMN-DF01,Torr Gear,DF,69,18,1882,23,Common
FMN,FMN-DF02,Nyx Lux,DF,61,33,866,20,Common
FMN,FMN-DF03,Orr Vale,DF,66,26,1390,46,Common
FMN,FMN-DF04,Shade Lux,DF,61,27,945,8,Common
FMN,FMN-DF05,Shade Vale,DF,62,27,1007,32,Common
FMN,FMN-MF01,Lume Night,MF,71,34,2176,23,Rare
FMN,FMN-MF02,Fenn Night,MF,75,27,2573,13,Common
FMN,FMN-MF03,Elyra Vale,MF,67,30,1725,29,Common
FMN,FMN-MF04,Nyra Stone,MF,68,21,1792,29,Common
FMN,FMN-MF05,Rook Gear,MF,72,29,2095,20,Common
FMN,FMN-FW01,Grim Ash,FW,70,25,1832,46,Rare
FMN,FMN-FW02,Orren Gear,FW,73,21,2231,8,Epic
FMN,FMN-FW03,Puck Storm,FW,63,21,1080,40,Common
FMN,FMN-FW04,Zeph Gear,FW,73,22,2372,47,Common
SWT,SWT-GK01,Ilya Ash,GK,73,26,2176,29,Common
SWT,SWT-GK02,Ilya Vale,GK,71,21,2108,40,Epic
SWT,SWT-DF01,Shade Gear,DF,61,30,861,18,Epic
SWT,SWT-DF02,Nyx Night,DF,74,20,2388,47,Common
SWT,SWT-DF03,Rurik Stone,DF,70,25,1864,42,Common
SWT,SWT-DF04,Nyx Night,DF,66,24,1439,27,Rare
SWT,SWT-DF05,Nyx Ash,DF,60,26,674,14,Common
SWT,SWT-MF01,Prax Vale,MF,63,18,1027,6,Common
SWT,SWT-MF02,Prax Vale,MF,70,18,1889,22,Common
SWT,SWT-MF03,Rook Storm,MF,76,21,2552,36,Common
SWT,SWT-MF04,Fenn Ash,MF,63,32,1217,20,Epic
SWT,SWT-MF05,Elyra Lux,MF,76,27,2754,47,Epic
SWT,SWT-FW01,Gorn Storm,FW,72,31,2095,37,Rare
SWT,SWT-FW02,Zeph Stone,FW,62,28,915,10,Common
SWT,SWT-FW03,Grim Lux,FW,70,30,2071,24,Common
SWT,SWT-FW04,Grim Storm,FW,63,21,1242,19,Common
ICB,ICB-GK01,Tarin Storm,GK,70,32,2004,32,Rare
ICB,ICB-GK02,Braska Storm,GK,70,26,1991,15,Common
ICB,ICB-DF01,Drax Stone,DF,62,20,887,33,Common
ICB,ICB-DF02,Shade Gear,DF,64,19,1380,41,Common
ICB,ICB-DF03,Shade Stone,DF,73,29,2376,9,Epic
ICB,ICB-DF04,Torr Gear,DF,71,21,2215,38,Common
ICB,ICB-DF05,Shade Storm,DF,67,21,1619,41,Common
ICB,ICB-MF01,Prax Gear,MF,67,31,1727,45,Common
ICB,ICB-MF02,Rook Ash,MF,60,26,614,17,Common
ICB,ICB-MF03,Prax Gear,MF,70,29,1803,17,Rare
ICB,ICB-MF04,Vex Lux,MF,72,20,2112,46,Epic
ICB,ICB-MF05,Elyra Lux,MF,76,24,2712,32,Common
ICB,ICB-FW01,Tala Gear,FW,69,28,1970,44,Common
ICB,ICB-FW02,Gorn Vale,FW,65,19,1241,23,Common
ICB,ICB-FW03,Zeph Storm,FW,74,31,2419,19,Rare
ICB,ICB-FW04,Gorn Gear,FW,73,21,2305,43,Common
EFP,EFP-GK01,Gideon Gear,GK,61,25,922,44,Common
EFP,EFP-GK02,Tarin Gear,GK,66,22,1450,24,Common
EFP,EFP-DF01,Rurik Storm,DF,73,23,2226,30,Common
EFP,EFP-DF02,Brann Ash,DF,71,20,2123,8,Common
EFP,EFP-DF03,Drax Stone,DF,70,31,2093,31,Rare
EFP,EFP-DF04,Drax Gear,DF,63,30,970,26,Common
EFP,EFP-DF05,Torr Storm,DF,71,20,2143,12,Common
EFP,EFP-MF01,Vex Storm,MF,76,20,2722,25,Rare
EFP,EFP-MF02,Lume Gear,MF,65,20,1461,46,Common
EFP,EFP-MF03,Vex Vale,MF,71,29,1995,21,Common
EFP,EFP-MF04,Fenn Vale,MF,65,22,1238,17,Epic
EFP,EFP-MF05,Rook Storm,MF,74,32,2569,47,Common
EFP,EFP-FW01,Grim Gear,FW,70,22,2025,10,Common
EFP,EFP-FW02,Orren Gear,FW,68,19,1740,38,Common
EFP,EFP-FW03,Zeph Storm,FW,61,19,908,24,Common
EFP,EFP-FW04,Flint Night,FW,62,34,1036,35,Common
MSR,MSR-GK01,Gideon Stone,GK,74,24,2444,44,Common
MSR,MSR-GK02,Tarin Stone,GK,74,21,2455,11,Common
MSR,MSR-DF01,Brann Stone,DF,67,32,1664,39,Common
MSR,MSR-DF02,Brann Gear,DF,71,27,2118,32,Rare
MSR,MSR-DF03,Shade Ash,DF,61,28,753,27,Common
MSR,MSR-DF04,Shade Storm,DF,69,26,1756,27,Common
MSR,MSR-DF05,Shade Vale,DF,71,27,2120,14,Common
MSR,MSR-MF01,Elyra Gear,MF,72,28,2105,48,Rare
MSR,MSR-MF02,Rook Lux,MF,76,20,2736,38,Common
MSR,MSR-MF03,Fenn Gear,MF,65,24,1374,37,Common
MSR,MSR-MF04,Lume Vale,MF,62,27,891,38,Rare
MSR,MSR-MF05,Prax Lux,MF,76,19,2692,45,Common
MSR,MSR-FW01,Zeph Vale,FW,65,23,1284,34,Common
MSR,MSR-FW02,Puck Lux,FW,67,32,1585,34,Common
MSR,MSR-FW03,Tala Gear,FW,75,24,2588,42,Epic
MSR,MSR-FW04,Zeph Night,FW,69,30,1937,39,Common
RRT,RRT-GK01,Tarin Night,GK,66,22,1448,9,Common
RRT,RRT-GK02,Braska Ash,GK,63,34,1023,24,Common
RRT,RRT-DF01,Brann Gear,DF,74,34,2355,33,Common
RRT,RRT-DF02,Brann Night,DF,74,29,2293,32,Common
RRT,RRT-DF03,Torr Gear,DF,67,30,1481,29,Common
RRT,RRT-DF04,Orr Stone,DF,70,22,1870,8,Common
RRT,RRT-DF05,Nyx Storm,DF,64,33,1309,45,Common
RRT,RRT-MF01,Elyra Stone,MF,68,24,1636,41,Epic
RRT,RRT-MF02,Vex Ash,MF,73,21,2307,21,Common
RRT,RRT-MF03,Elyra Vale,MF,73,32,2192,13,Rare
RRT,RRT-MF04,Nyra Ash,MF,60,34,894,21,Rare
RRT,RRT-MF05,Fenn Storm,MF,60,29,723,42,Common
RRT,RRT-FW01,Orren Lux,FW,62,34,1024,10,Epic
RRT,RRT-FW02,Grim Ash,FW,76,18,2719,36,Common
RRT,RRT-FW03,Zeph Gear,FW,68,18,1742,10,Common
RRT,RRT-FW04,Orren Lux,FW,63,28,1028,8,Common
TWT,TWT-GK01,Braska Night,GK,65,32,1445,46,Common
TWT,TWT-GK02,Tarin Stone,GK,74,19,2430,18,Common
TWT,TWT-DF01,Brann Stone,DF,70,27,2063,31,Epic
TWT,TWT-DF02,Torr Storm,DF,68,19,1657,24,Common
TWT,TWT-DF03,Nyx Stone,DF,70,26,1863,29,Common
TWT,TWT-DF04,Drax Lux,DF,74,30,2453,17,Common
TWT,TWT-DF05,Drax Gear,DF,76,26,2562,33,Common
TWT,TWT-MF01,Vex Night,MF,65,27,1364,12,Common
TWT,TWT-MF02,Rook Gear,MF,69,32,1898,16,Common
TWT,TWT-MF03,Fenn Storm,MF,61,29,942,23,Common
TWT,TWT-MF04,Prax Stone,MF,62,30,1026,38,Rare
TWT,TWT-MF05,Rook Vale,MF,60,22,824,8,Common
TWT,TWT-FW01,Tala Night,FW,71,29,2116,42,Common
TWT,TWT-FW02,Tala Lux,FW,74,29,2470,34,Rare
TWT,TWT-FW03,Grim Vale,FW,76,29,2723,26,Common
TWT,TWT-FW04,Tala Stone,FW,60,23,855,39,Common
HCH,HCH-GK01,K-12 Stone,GK,68,26,1788,19,Legend
HCH,HCH-GK02,Braska Lux,GK,75,24,2462,14,Rare
HCH,HCH-DF01,Drax Vale,DF,74,20,2443,48,Common
HCH,HCH-DF02,Rurik Ash,DF,69,27,1760,46,Common
HCH,HCH-DF03,Orr Ash,DF,67,21,1542,14,Common
HCH,HCH-DF04,Drax Stone,DF,71,29,2159,41,Common
HCH,HCH-DF05,Rurik Stone,DF,69,30,1925,39,Common
HCH,HCH-MF01,Nyra Night,MF,62,22,1002,47,Common
HCH,HCH-MF02,Nyra Lux,MF,76,29,2585,41,Common
HCH,HCH-MF03,Lume Night,MF,64,31,1337,9,Rare
HCH,HCH-MF04,Vex Vale,MF,69,23,1762,26,Epic
HCH,HCH-MF05,Lume Gear,MF,76,27,2560,22,Common
HCH,HCH-FW01,Grim Gear,FW,64,27,1353,11,Common
HCH,HCH-FW02,Tala Ash,FW,64,23,1252,42,Common
HCH,HCH-FW03,Flint Stone,FW,62,19,1135,22,Common
HCH,HCH-FW04,Flint Ash,FW,73,18,2414,46,Common
BRM,BRM-GK01,Gideon Gear,GK,75,25,2607,25,Common
BRM,BRM-GK02,Gideon Stone,GK,65,32,1412,36,Common
BRM,BRM-DF01,Orr Ash,DF,64,28,1243,28,Epic
BRM,BRM-DF02,Brann Night,DF,71,34,2207,12,Common
BRM,BRM-DF03,Drax Stone,DF,68,32,1686,15,Common
BRM,BRM-DF04,Orr Storm,DF,73,25,2241,26,Epic
BRM,BRM-DF05,Shade Gear,DF,66,23,1575,38,Common
BRM,BRM-MF01,Fenn Storm,MF,60,20,801,38,Common
BRM,BRM-MF02,Lume Vale,MF,71,19,1945,24,Common
BRM,BRM-MF03,Prax Lux,MF,75,27,2674,6,Rare
BRM,BRM-MF04,Nyra Vale,MF,68,29,1766,29,Common
BRM,BRM-MF05,Elyra Ash,MF,66,29,1603,24,Common
BRM,BRM-FW01,Grim Storm,FW,68,21,1625,12,Common
BRM,BRM-FW02,Flint Gear,FW,71,22,2021,44,Common
BRM,BRM-FW03,Grim Stone,FW,61,19,790,27,Rare
BRM,BRM-FW04,Grim Storm,FW,64,34,1151,26,Epic
GGF,GGF-GK01,Braska Vale,GK,72,27,2212,38,Rare
GGF,GGF-GK02,K-12 Storm,GK,69,33,1688,29,Common
GGF,GGF-DF01,Rurik Storm,DF,69,18,1922,22,Epic
GGF,GGF-DF02,Nyx Night,DF,67,19,1738,36,Common
GGF,GGF-DF03,Shade Lux,DF,72,22,2164,8,Common
GGF,GGF-DF04,Shade Stone,DF,66,18,1545,26,Common
GGF,GGF-DF05,Drax Lux,DF,66,31,1576,45,Epic
GGF,GGF-MF01,Prax Night,MF,61,22,985,19,Common
GGF,GGF-MF02,Rook Storm,MF,76,30,2680,17,Common
GGF,GGF-MF03,Vex Gear,MF,71,26,2167,18,Epic
GGF,GGF-MF04,Fenn Ash,MF,69,25,1832,24,Rare
GGF,GGF-MF05,Rook Lux,MF,75,28,2645,28,Common
GGF,GGF-FW01,Flint Lux,FW,68,27,1622,42,Common
GGF,GGF-FW02,Zeph Storm,FW,71,22,2068,8,Common
GGF,GGF-FW03,Orren Stone,FW,71,32,2051,36,Common
GGF,GGF-FW04,Flint Ash,FW,68,26,1630,12,Common
